"1 Cluain na Ri, Ballycullane, New Ross"	Wexford	"193,833"	192044	02/01/2018
"1 ROSEVILLE, LOWER ROAD, SHANKILL"	Dublin	"627,231"	655235.7	02/01/2018
"11 Castlelynn, Soldiers Road, Bray"	Wicklow	"545,000"	541762	02/01/2018
"12 HEYWOOD DR, ARD GAOITHE, CLONMEL"	Tipperary	"150,000"	145345	02/01/2018
"18 CARRIAG FERN, BUNCRANA, CO DONEGAL"	Donegal	"270,000"	267136	02/01/2018
"18 HILLSIDE VIEW, KILLARGUE, CO. LEITRIM"	Leitrim	"29,600"	29229	02/01/2018
"19 ULVERTON RD, DALKEY, DUBLIN"	Dublin	"1,130,000"	1138244	02/01/2018
"2 CHAPELTOWN, BALLYHEA, CO KERRY"	Kerry	"140,000"	136094	02/01/2018
"2 HAWTHORN BANK, ROYAL CANAL, MULLINGAR"	Westmeath	"160,000"	157931	02/01/2018
"236 PHIBSBORO RD, DUBLIN 7, DUBLIN"	Dublin	"277,000"	266074	02/01/2018
"239 BLARNEY ST, CORK, CORK"	Cork	"115,000"	116415	02/01/2018
"29 CROSS ST, NEW ROSS, WEXFORD"	Wexford	"50,000"	48816	02/01/2018
"3 CCOLROE COURT, BALLINCOLLIG"	Cork	"361,233"	352168	02/01/2018
"3 COLLEGE COURT, PORTRANE ROAD, DONABATE"	Dublin	"348,018"	336013.62	02/01/2018
"34 SLANE RD, CRUMLIN, DUBLIN 12"	Dublin	"325,000"	330499	02/01/2018
"34 THE FAIRWAYS, ABBEYLEIX, LAOIS"	Laois	"168,000"	161037	02/01/2018
"38 THE CRESCENT, CASTLE ROCK, BANESHANE"	Cork	"365,000"	351847	02/01/2018
"3B CLONMORE GROVE, TRALEE, CO KERRY"	Kerry	"87,000"	88072	02/01/2018
"4 LIOS NA GREINE, SOUTH DOUGLAS RD, CORK"	Cork	"230,000"	227462	02/01/2018
"43 YEATS VILLAGE, SLIGO, CO SLIGO"	Sligo	"82,000"	79854	02/01/2018
"48 BASTION QUAY, THE DOCKS, ATHLONE"	Westmeath	"195,000"	192577	02/01/2018
"5 BLUEBELL WAY, PORTLAOISE, LAOIS"	Laois	"160,000"	162186	02/01/2018
"50 TUSKAR COURTYARD, ARKLOW MARINA VILLAGE, WICKLOW"	Wicklow	"175,000"	172430	02/01/2018
"51A ST PATRICKS CRESCENT, MONKSTOWN, DUBLIN"	Dublin	"545,000"	557626	02/01/2018
"62 ABBERLEY APTS, ABBERLEY SQ, HIGH ST DUBLIN 24"	Dublin	"180,000"	184866	02/01/2018
"8 LEITIR ARD, LETTERKENNY, DONEGAL"	Donegal	"43,375"	41637	02/01/2018
"84 ST JOHNS PARK, TRALEE, CO KERRY"	Kerry	"118,000"	120919	02/01/2018
"89 CROMWELLSFORT RD, WALKINSTOWN, DUBLIN 12"	Dublin	"350,000"	338588	02/01/2018
"93 DANGAN HEIGHTS, NEWCASTLE, GALWAY"	Galway	"241,364"	233470.52	02/01/2018
"APT 67 SEAPARK, MOUNT PROSPECT AVE, CLONTARF DUBLIN 3"	Dublin	"230,000"	237301	02/01/2018
"Apt 70, Eustace Court, Coolinor"	Dublin	"400,882"	416389	02/01/2018
"CHESTNUT LODGE, BLOOMFIELD MULLINGAR, WESTMEATH"	Westmeath	"507,500"	504153	02/01/2018
"CLOGHAN CASTLE, LUSMAGH, BANAGHER"	Offaly	"960,000"	1005576	02/01/2018
"COR NA RON WEST, INVERIN, CO GALWAY"	Galway	"155,000"	147382	02/01/2018
"CUTTEEN, KILROSSANTY, CO. WATERFORD"	Waterford	"85,000"	88492	02/01/2018
"FENAGH, BALLINAMORE P.O., CO LEITRIM"	Leitrim	"112,500"	111655	02/01/2018
"KNOCKNAGEEHA, GNEEVEGUILLA, RATHMORE"	Kerry	"47,500"	49024	02/01/2018
"NO 6 THE COURTYARD, FOTA ISLAND, CARRIGETWOHILL"	Cork	"228,000"	221233	02/01/2018
"SHEESTOWN, BENNETTSBRIDGE ROAD, KILKENNY"	Kilkenny	"100,000"	96385	02/01/2018
"ST PAULS LODGE, HERBERT RD, BRAY"	Wicklow	"880,000"	836690	02/01/2018
"THE OLD REFECTORY, ARDMAYLE, CASHEL"	Tipperary	"330,000"	344849	02/01/2018
"1 Ballygossan Park, Golf Links Road, Skerries"	Dublin	"348,017"	350913	03/01/2018
"10 PUNCHESTOWN GATE, DUBLIN RD, NAAS"	Kildare	"176,000"	167722	03/01/2018
"10 SHANTALLA PARK, BEAUMONT, DUBLIN 9"	Dublin	"360,000"	361096	03/01/2018
"103 Millers Court, Old Quarter, Ballincollig"	Cork	"480,000"	472822	03/01/2018
"11 A CHURCH STREET, TULLAMORE, CO OFFALY"	Offaly	"40,000"	40311	03/01/2018
"11 L CHURCH STREET, TULLAMRE, COUNTY OFFALY"	Offaly	"68,000"	69068	03/01/2018
"14 Castleway, Kinsealy Lane, Malahide"	Dublin	"729,000"	708016	03/01/2018
"14 CLAREMONT COURT, ST ALPHONSUS ST, LIMERICK"	Limerick	"80,000"	79454	03/01/2018
"147 KILDARE RD, CRUMLIN, DUBLIN 12"	Dublin	"372,000"	372550	03/01/2018
"16 AMBERFIELD, VERDEMONT, BLANCHARDSTOWN"	Dublin	"203,000"	199071	03/01/2018
"16 CLEARSTREAM COURT, MCKEE AVENUE, FINGLAS"	Dublin	"200,000"	193132	03/01/2018
"16 HILLCREST MANOR, NEWPORT, CO TIPPERARY"	Tipperary	"291,000"	279390	03/01/2018
"17 HOPHILL VALE, TULLAMORE, OFFALY"	Offaly	"150,000"	144915	03/01/2018
"17 WOODSTOWN LANE, KNOCKLYON, DUBLIN 16"	Dublin	"456,000"	476667	03/01/2018
"2 CLAREVIEW, UPPER QUAY, WESTPORT"	Mayo	"245,000"	233393	03/01/2018
"2 COXES LANE, DUNGARUAN, WATERFORD"	Waterford	"80,000"	80373	03/01/2018
"20  Greenbank House, Cualanor, Upper Glenageary Road"	Dublin	"273,488"	281221	03/01/2018
"22 PARK COURT, BALLYVOLANE, CO. CORK"	Cork	"179,700"	179789	03/01/2018
"23 Kilheale Drive, Kilheale Manor, Kill"	Kildare	"277,533"	264993	03/01/2018
"23 Willow Close, Dunshaughlin"	Meath	"303,965"	301124.75	03/01/2018
"25 CASTLEKNOCK DOWNS, DUBLIN 15, DUBLIN"	Dublin	"342,000"	345074	03/01/2018
"26 CLUAN DARA COURT, CLONMACKEN, ENNIS ROAD"	Limerick	"181,000"	183114	03/01/2018
"28 LYMEWOODS MEWS, NORTHWOOD, SANTRY"	Dublin	"269,000"	262469	03/01/2018
"3 KILFINANE RD, BALLYLANDERS, LIMERICK"	Limerick	"165,000"	160026	03/01/2018
"32 Hamilton Avenue, Mount Avenue, Carrick Road"	Louth	"203,250"	206503	03/01/2018
"35 WOODLANDS PARK, COILL DUBH, ROBERTSTOWN"	Kildare	"220,000"	226452	03/01/2018
"36 LISSADEL DRIVE, DRIMAGH, DUBLIN 12"	Dublin	"225,000"	218023	03/01/2018
"40 HERBERT PARK, BALLSBRIDGE, DUBLIN 4"	Dublin	"2,725,000"	2682218	03/01/2018
"40 MAYLOR ST, CORK, CORK"	Cork	"100,000"	101764	03/01/2018
"5 GLENANAAR PLACE, COBH, CORK"	Cork	"153,500"	146107	03/01/2018
"5 LAMBAY VIEW, RUSH, DUBLIN"	Dublin	"280,000"	291946	03/01/2018
"61 CROMCASTLE RD, KILMORE WEST, COOLOCK DUBLIN 5"	Dublin	"302,500"	289203	03/01/2018
"615 THE COURTYARD, K CLUB, STRAFFAN"	Kildare	"385,000"	403696	03/01/2018
"63 ST BEGNETS VILLAS, DALKEY, DUBLIN"	Dublin	"605,000"	613890	03/01/2018
"65 COLLEGEFORT, CASTLEKNOCK, DUBLIN 15"	Dublin	"245,000"	241338	03/01/2018
"7 SOUTHVILLE GDNS, BALLINACURRA, LIMERICK"	Limerick	"246,000"	251210	03/01/2018
"8 AGHNAHARNA DR, PORTLAOISE, LAOIS"	Laois	"215,000"	216611	03/01/2018
"APT 11D METROPOLITAN APPARTMENTS, 67 INCHICORE ROAD, KILMAINHAM"	Dublin	"281,000"	268318	03/01/2018
"APT 18, MARYLAND HOUSE BEECHFIELD HAVEN, SHANKILL"	Dublin	"305,000"	306383	03/01/2018
"APT 4, 39 LOWER DORSET ST, DUBLIN"	Dublin	"197,000"	205750	03/01/2018
"APT 9, MONTROSE HOUSE, WHITESTRAND PARK"	Galway	"27,500"	26314	03/01/2018
"BALLINANORE, CASTLEMAHONE, CO LIMERICK"	Limerick	"220,000"	230709	03/01/2018
"BALLINRAHIN HOUSE, RATHANGAN, KILDARE"	Kildare	"525,000"	510652	03/01/2018
"BALLINTAVA, DUNMORE, GALWAY"	Galway	"115,000"	115744	03/01/2018
"BORO RD, EMLY, TIPPERARY"	Tipperary	"77,700"	79070	03/01/2018
"BOSTON HILL, RATHANGAN, COUNTY KILDARE"	Kildare	"180,000"	181464	03/01/2018
"BRENARD, CULLENSTOWN, DUNCORMICK"	Wexford	"195,000"	191886	03/01/2018
"CAIE LE MAR, ROCKY VALLEY DR, KILMACANOGUE"	Wicklow	"965,000"	993566	03/01/2018
"CARRIGSHANE, BALLYFOULOO HILL, MONKSTOWN"	Cork	"90,000"	93099	03/01/2018
"CHAPEL ROAD, DUNGLOE, CO DONEGAL"	Donegal	"150,000"	151580	03/01/2018
"CHRISTIANSTOWN, READYPENNY, DUNDALK"	Louth	"30,000"	29864	03/01/2018
"DUILLEOG, MONADRISHANE, KILWORTH"	Cork	"190,000"	197331	03/01/2018
"GARRANES, CARRIGTWOHILL, CO. CORK"	Cork	"95,000"	92029	03/01/2018
"HOLIDAY HOME 8, KILCORAN LODGE HOTEL, CAHIR"	Tipperary	"50,000"	51699	03/01/2018
"KNOCKDUFF, DUNMANWAY, COUNTY CORK"	Cork	"25,000"	24361	03/01/2018
"MAGLASS EAST, BALLYMACELLIGGOT, TRALEE"	Kerry	"80,000"	81333	03/01/2018
"No 10 The Fairways, BELTURBET"	Cavan	"25,000"	26133	03/01/2018
"No 4A Gortoolan, Ballyconnell"	Cavan	"25,000"	25674	03/01/2018
"No. 3 Castlechurch Drive, Castlechurch, Newcastle"	Dublin	"281,939"	267947	03/01/2018
"OWENTESKNA, CARRICK, DONEGAL"	Donegal	"80,000"	83075	03/01/2018
"RIVER STREET, EYRECOURT, BALLINASLOE"	Galway	"18,000"	17325	03/01/2018
"RUSSELLSTOWN WOOD, RUSSELLSTOWN, CARLOW"	Carlow	"650,000"	631107	03/01/2018
"SLEEPY HOLLOW, OLDTOWN RD, CASTLEBRIDGE"	Wexford	"230,000"	239319	03/01/2018
"STRADONE ST, BALLYJAMESDUFF, CAVAN"	Cavan	"60,000"	61342	03/01/2018
"THE CORNER HOUSE, BARNA, GALWAY"	Galway	"635,000"	613515	03/01/2018
"TULLAHINELL, BALLYLONGFORD, COUNTY KERRY"	Kerry	"72,000"	72675	03/01/2018
"UPPERCLOGHER, MONASTERADEN, CO. SLIGO"	Sligo	"48,000"	46802	03/01/2018
"1 ARD NA NEAGH CLOSE, RAILWAY RD, ROSCOMMON"	Roscommon	"60,000"	60232	04/01/2018
"1 ATH NA RI, CARRICK-ON-SHANNON, CARRICK-ON-SHANNON"	Leitrim	"55,200"	55609	04/01/2018
"1 DUN EOIN MEADOW, DUN EOIN, BALLINREA ROAD"	Cork	"295,000"	293522	04/01/2018
"1 DUNGUAIRE, KINVARA, COUNTY GALWAY"	Galway	"270,000"	265063	04/01/2018
"1 MAPLE, HAZELDENE, DONNYBROOK DUBLIN 4"	Dublin	"765,000"	786203	04/01/2018
"1 PARK HOUSE, WILLANS DR, ONGAR GREEN DUBLIN 15"	Dublin	"143,000"	142406	04/01/2018
"1 SYCAMORE AVE, CELBRIDGE RD, LEIXLIP"	Kildare	"350,000"	358586	04/01/2018
"10 ARD NA GAOITHE, KNOCKATALLON, MONAGHAN"	Monaghan	"90,000"	88970	04/01/2018
"101 COOLEY RD, DRIMNAGH, DUBLIN 12"	Dublin	"290,000"	291722	04/01/2018
"11 WARRENMOUNT PLACE, BLACKPITTS, DUBLIN 8"	Dublin	"365,000"	358283	04/01/2018
"11 WILLOWBROOK LODGE, CELBRIDGE, KILDARE"	Kildare	"245,000"	251828	04/01/2018
"111 AN DUICHE, SCALLAGHEEN, TIPPERARY TOWN"	Tipperary	"81,000"	82680	04/01/2018
"115 BROOKFIELD HALL, CASTLETROY, LIMERICK"	Limerick	"101,000"	98534	04/01/2018
"120 DOWLAND RD, WALKINSTOWN, DUBLIN 12"	Dublin	"307,000"	310368	04/01/2018
"13 MOYARD, SHANBALLA, LAHINCH RD"	Clare	"217,000"	218117	04/01/2018
"13 THE LIMES, BEAUFORT PLACE, NAVAN"	Meath	"350,000"	336628	04/01/2018
"14 PRESENTATION AVE, OFF CATHEDRAL RD, CORK"	Cork	"180,000"	176842	04/01/2018
"14 Willow House, Silverbanks, Baldoyle"	Dublin	"219,512"	215923.2	04/01/2018
"147 KNOCKBRACK DOWNS, MATTHEWS LANE, DROGHEDA"	Louth	"160,500"	167389	04/01/2018
"15 ASHFIELD, NEW ORCHARD RD, KILKENNY"	Kilkenny	"226,000"	234840	04/01/2018
"15 BROOKDALE RD, RIVERVALLEY, SWORDS"	Dublin	"246,346"	251051	04/01/2018
"16 CRESTFIELD AVE, WHITEHALL, DUBLIN 9"	Dublin	"460,000"	480062	04/01/2018
"16 Grace Park Grove, Grace Park Wood, Grace Park Road"	Dublin	"453,744"	470027	04/01/2018
"16 PARK AVE, GRANGERATH, DROGHEDA"	Meath	"335,000"	325157	04/01/2018
"16 ST JOSEPHS SQ, CLONTARF, DUBLIN 3"	Dublin	"395,000"	409797	04/01/2018
"170 CHARLESLAND PARK, GREYSTONES, WICKLOW"	Wicklow	"380,000"	364132	04/01/2018
"173 RIVER RD, CARTRON POINT, SLIGO"	Sligo	"86,000"	83534	04/01/2018
"180 BEAUVALE PARK, ARTANE, DUBLIN 5"	Dublin	"350,000"	349244	04/01/2018
"19 BARRETT ST, BAGENALSTOWN, CARLOW"	Carlow	"80,000"	83375	04/01/2018
"1A ARD NA NEAGH CLOSE, RAILWAY RD, ROSCOMMON"	Roscommon	"35,000"	34918	04/01/2018
"20 THE BRAMBLES, BALLINAKILL DOWNS, WATERFORD CITY"	Waterford	"311,000"	319198	04/01/2018
"21 CAIRNWOOD COURT, TALLAGHT, DUBLIN 24"	Dublin	"260,000"	254200	04/01/2018
"21 Kilheale Drive, Kilheale Manor, Kill"	Kildare	"255,507"	258827.6	04/01/2018
"21 THE PARK, BEAUMONT WOODS, BEAUMONT DUBLIN 9"	Dublin	"420,000"	439501	04/01/2018
"22 ELM PARK, CHAMBERSLAND, NEW ROSS"	Wexford	"151,000"	149217	04/01/2018
"22 THE LAURELS, DUNDALK, LOUTH"	Louth	"134,000"	132845	04/01/2018
"24 Stratton Drive, Adamstown Square, Adamstown"	Dublin	"255,507"	260199.6	04/01/2018
"28 HAZELWOOD COURT, CLONSILLA, DUBLIN 15"	Dublin	"250,000"	243324	04/01/2018
"3 LAKEVIEW TERRACE, PORTROE, NENAGH"	Tipperary	"143,000"	141372	04/01/2018
"3 NEWTOWNBARRY, CHARLEVILLE, CORK"	Cork	"40,000"	39234	04/01/2018
"32 ABBEY PARK, KILLESTER, DUBLIN 5"	Dublin	"400,000"	413116	04/01/2018
"32 Dodderbrook Drive, Dublin 24"	Dublin	"370,000"	371981	04/01/2018
"32 ST JOHNS VILLAS, ENNISCORTHY, WEXFORD"	Wexford	"80,000"	80975	04/01/2018
"35 ERRIGAL VIEW, MOUNTAIN TOP, LETTERKENNY"	Donegal	"93,333"	88817	04/01/2018
"35 Grace Park, Dromcondra, Dublin 9"	Dublin	"440,528"	421970	04/01/2018
"365 CLOGHER ROAD, CRUMLIN, DUBLIN 12"	Dublin	"270,000"	261113	04/01/2018
"37 THE HEATH, RAMSGATE VILLAGE, GOREY"	Wexford	"160,000"	166227	04/01/2018
"38 The Green, The Paddocks, Hansfield"	Dublin	"286,344"	286331.6	04/01/2018
"39 NEWPARK, PORTLAOISE, LAOIS"	Laois	"165,000"	159810	04/01/2018
"39 THE RED MILL, NORTH BRUNSWICK ST, DUBLIN 7"	Dublin	"203,778"	198065	04/01/2018
"40A ARAS NA CLUAINE, CLONDALKIN, DUBLIN 22"	Dublin	"115,000"	111863	04/01/2018
"43 SILCHESTER PARK, GLENAGEARY, DUBLIN"	Dublin	"700,000"	703999	04/01/2018
"45 OLD KILLARNEY VILLAGE, GROIN AGHADOE, KILLARNEY"	Kerry	"135,000"	131558	04/01/2018
"46 South Bay, Rosslare"	Wexford	"189,427"	183241.31	04/01/2018
"4A OAK VIEW ROAD, ATHY RD, CARLOW"	Carlow	"100,000"	98464	04/01/2018
"5  Willow House, Silverbanks, The Coast"	Dublin	"140,969"	146520.16	04/01/2018
"5 CHURCH VIEW, CAHERMORE, CASTLETOWNBERE"	Cork	"55,000"	56130	04/01/2018
"5 COURTOWN PARK, KILCOCK, KILDARE"	Kildare	"120,000"	117493	04/01/2018
"5A OAK VIEW ROAD, ATHY RD, CARLOW"	Carlow	"100,000"	97623	04/01/2018
"6 Deerpark Avenue, Manor West, Tralee"	Kerry	"140,969"	144550	04/01/2018
"61 BROOKFIELD EST, KIMMAGE CROSS RD, DUBLIN 12"	Dublin	"445,000"	442431	04/01/2018
"65 CHRISTCHURCH VIEW, NICHOLAS ST, DUBLIN 8"	Dublin	"345,000"	349139	04/01/2018
"7 STEPHEN ST, KILKENNY, KILKENNY"	Kilkenny	"225,000"	217403	04/01/2018
"7 THE OAKS, ROSELEIGH, MOONCOIN"	Kilkenny	"158,000"	162515	04/01/2018
"73 ALLEN VIEW HEIGHTS, NEWBRIDGE, KILDARE"	Kildare	"237,000"	247126	04/01/2018
"73 LADYWELL, BALLYHEIGUE, KERRY"	Kerry	"100,000"	97007	04/01/2018
"8 Deerpark Avenue, Manor West, Tralee"	Kerry	"140,969"	134834	04/01/2018
"8 Hamilton Hill, Barnageeragh Cove, Skerries"	Dublin	"378,855"	387945.62	04/01/2018
"9 THE CRESCENT, LIMERICK, CO LIMERICK"	Limerick	"225,000"	225553	04/01/2018
"9 THE PADDOCKS CRESCENT, ADAMSTOWN, LUCAN"	Dublin	"240,000"	230722	04/01/2018
"90 MOUNT GARRETT PARK, TYRRELSTOWN, DUBLIN 15"	Dublin	"175,000"	178256	04/01/2018
"92 Parklands, Youghal, Co Cork"	Cork	"190,000"	185765	04/01/2018
"Apt 89 Eustace Court, Cualanor, Upper Glenageary Road"	Dublin	"422,907"	434929.49	04/01/2018
"APT 9 GROUND FLOOR, TIMBER MILL, ARTANE DUBLIN 5"	Dublin	"249,000"	240592	04/01/2018
"BURTONHALL, CARLOW"	Carlow	"255,000"	249853	04/01/2018
"CARNALYNCH, BAILIEBOROUGH, CAVAN"	Cavan	"145,000"	149486	04/01/2018
"CARRICK(BUNGALOW), BALLINALACK, MULLINGAR"	Westmeath	"75,000"	76020	04/01/2018
"CLONMORE, CAPPINCUR, TULLAMORE"	Offaly	"272,500"	271788	04/01/2018
"COOLISHAL UPPER, GOREY, COUNTY WEXFORD"	Wexford	"330,000"	316765	04/01/2018
"COOLRAKE, MOONE, ATHY"	Kildare	"200,000"	206077	04/01/2018
"DERRYLISSANE, MENLOUGH, BALLINASLOE"	Galway	"220,000"	212899	04/01/2018
"FITZPATRICK SQUARE, CLONES, CO MONAGHAN"	Monaghan	"35,000"	36139	04/01/2018
"FORRAMOYLE WEST, BARNA, CO GALWAY"	Galway	"595,000"	581584	04/01/2018
"FUSSA, KILGARVAN, KILLARNEY"	Kerry	"64,000"	61118	04/01/2018
"GLENEAGLES, NORTH CIRCULAR RD, LIMERICK"	Limerick	"1,110,000"	1086066	04/01/2018
"HIGHBANK ARDCLONE, MILLTOWN, ARDCLONE"	Kilkenny	"145,000"	143853	04/01/2018
"LISLEA, OMEATH, CO MEATH"	Louth	"88,000"	90403	04/01/2018
"MAIN STREET, ROOSKEY, CO ROSCOMMON"	Roscommon	"50,000"	52366	04/01/2018
"MARYMOUNT HOUSE, DARDISTOWN, CLOGHRAN"	Dublin	"635,000"	625078	04/01/2018
"NO 26 LAKESDIE WALK, NORTH ROAD, MONAGHAN"	Monaghan	"76,500"	76516	04/01/2018
"NO 27 LAKESIDE WALK, NORTH ROAD, MONAGHAN"	Monaghan	"76,500"	74453	04/01/2018
"ROCKFOREST LODGE, LAVALLY MALLOW, CORK"	Cork	"425,000"	411528	04/01/2018
"SPANISH POINT RD, MILTOWN MALBAY, CLARE"	Clare	"160,000"	157880	04/01/2018
"1 ASHCROFT, CLOYNE, CORK"	Cork	"135,000"	129792	05/01/2018
"1 CURRINDALE, TERMON, LETTERKENNY"	Donegal	"89,000"	92871	05/01/2018
"1 ELM PARK, DUN AN OIR, KANTURK"	Cork	"120,000"	124973	05/01/2018
"10 EDEN COURT, ROSCOMMON RD, LONGFORD"	Longford	"60,000"	61340	05/01/2018
"102 MARITANA GATE, CANADA ST, WATERFORD"	Waterford	"95,000"	91902	05/01/2018
"11 Hollywood Rath Park, Hollystown"	Dublin	"341,409"	356062	05/01/2018
"12 Grace Park way, Grace Park Wood, Grace Park Road"	Dublin	"418,502"	404490.2	05/01/2018
"12 rathbeale grove, swords"	Dublin	"286,343"	275481	05/01/2018
"12 THE CRESCENT, DUN EALA, FERMOY"	Cork	"182,000"	190382	05/01/2018
"121 IVERAGH RD, GAELTACHT PARK, DUBLIN 9"	Dublin	"193,800"	202371	05/01/2018
"13 Earlswell, Tobar an Iarla, Waterfall"	Cork	"524,229"	535758.07	05/01/2018
"14 MCCABE VILLAS, BOOTERSTOWN, CO DUBLIN"	Dublin	"403,000"	408398	05/01/2018
"14 NEWTOWN COURT, MAYNOOTH, KILDARE"	Kildare	"363,000"	353037	05/01/2018
"14 Seaview Drive, Cnoc Na Mara, BLACKROCK"	Louth	"308,370"	294418	05/01/2018
"14 THE STABLES, WOODSTOWN HOLIDAY HOMES, WOODSTOWN STRAND"	Waterford	"120,000"	116835	05/01/2018
"15 SANDYCOVE, MOUNTSHANNON, CLARE"	Clare	"125,000"	129968	05/01/2018
"15 SUNVIEW TCE, COLLEGE RD, CORK"	Cork	"255,000"	258012	05/01/2018
"16 SPRINGBANK, SAGGART, DUBLIN"	Dublin	"320,000"	322756	05/01/2018
"18 ORIEL SQUARE, LISMORE LAWN, WATERFORD"	Waterford	"142,000"	142002	05/01/2018
"18 SWIFTBROOK GLEN, VIRGINIA, CAVAN"	Cavan	"250,000"	245197	05/01/2018
"18 THE MOORINGS, ROBERTSTOWN, COUNTY KILDARE"	Kildare	"185,000"	192633	05/01/2018
"19 GLANDORE RD, DRUMCONDRA, DUBLIN CITY"	Dublin	"375,000"	369966	05/01/2018
"19 GRANGEVIEW PLACE, GRANGEVIEW, CLONDALKIN DUBLIN 22"	Dublin	"191,000"	189238	05/01/2018
"19 MOUNT PROSPECT DR, CLONTARF, DUBLIN 3"	Dublin	"765,000"	736118	05/01/2018
"19 PARK HOUSE, BENSON ST, DUBLIN 2"	Dublin	"410,000"	403703	05/01/2018
"2 ELM PARK, DUN AN OIR    NEW MARKET ROAD, KANTURK"	Cork	"120,000"	122725	05/01/2018
"2 GRIFFIN CLOSE, MONASTERY RD, CORK"	Cork	"175,000"	167574	05/01/2018
"2 SUNDALE PARADE, TALLAGHT, DUBLIN 24"	Dublin	"255,000"	266270	05/01/2018
"2 THE GROVE, OAKLANDS, NEW ROSS"	Wexford	"66,000"	66115	05/01/2018
"21 CASTLEGRANGE DR, CLONSILLA, DUBLIN 15"	Dublin	"300,000"	300532	05/01/2018
"21 DUNAWLEY DR, CLONDALKIN, DUBLIN 22"	Dublin	"271,000"	277339	05/01/2018
"21 WINSFORT, ROCHESTOWN RD, CORK"	Cork	"420,000"	403730	05/01/2018
"22 HARBOURSIDE, NEWPORT, CO. MAYO"	Mayo	"150,000"	148614	05/01/2018
"24 CLUAIN DROICHEAD, SIXMILEBRIDGE, CLARE"	Clare	"195,000"	185995	05/01/2018
"25 SPRINGHILL COURT, GRAIGUECULLEN, CARLOW"	Carlow	"162,000"	159193	05/01/2018
"26 DERRYNANE GARDENS, BATH AVE, SANDYMOUNT"	Dublin	"580,000"	592028	05/01/2018
"27 Hampton Gardens Avenue, Balbriggan"	Dublin	"221,194"	214387	05/01/2018
"27 THE MEADOWS, CAHEREEN HEIGHTS, CASTLEISLAND"	Kerry	"130,000"	129322	05/01/2018
"29 MILLBROOK MANOR, CANAL RD, PORTARLINGTON"	Laois	"195,000"	194393	05/01/2018
"3 PARK ROW, MAGDALENE ST, DROGHEDA"	Louth	"135,000"	134236	05/01/2018
"3 RADHARC NA MARA, BALLYVERGAN EAST, YOUGHAL"	Cork	"285,000"	293514	05/01/2018
"3 TOWNFIELDS, TEMPLEMORE ROAD, CLOUGHJORDAN"	Tipperary	"45,660"	47420	05/01/2018
"33 HUNTSTOWN DRIVE, MULHUDDART, DUBLIN 15"	Dublin	"261,100"	270225	05/01/2018
"33 RAVENSDALE DR, KIMMAGE, DUBLIN 12"	Dublin	"500,000"	485682	05/01/2018
"33 URSULINE COURT, WATERFORD"	Waterford	"177,000"	169145	05/01/2018
"34 SEASON PARK, NEWTOWNMOUNTKENNEDY, WICKLOW"	Wicklow	"230,000"	240009	05/01/2018
"38 THE SYCAMORES, DUN AN OIR, KANTURK"	Cork	"120,000"	118304	05/01/2018
"39 SITRIC RD, STONEYBATTER, DUBLIN 7"	Dublin	"335,000"	336743	05/01/2018
"39 The Green, The Paddocks, Hansfield"	Dublin	"290,748"	282503	05/01/2018
"4 CONNOLLY AVE, NAVAN, TRIM RD"	Meath	"160,000"	156279	05/01/2018
"4 HANLEY AVE, LOUGHLYNN, ROSCOMMON"	Roscommon	"76,000"	77404	05/01/2018
"4 THE CLOSE, WOODPARK, BALLINTEER DUBLIN 16"	Dublin	"525,000"	533904	05/01/2018
"40 BALLYCLAMASY, YOUGHAL, CO. CORK"	Cork	"255,000"	244549	05/01/2018
"40 JOHN PAUL AVE, CAVAN, CAVAN"	Cavan	"43,000"	44174	05/01/2018
"40 LARKFIELD VIEW, LUCAN, DUBLIN"	Dublin	"273,000"	285643	05/01/2018
"43 LORCAN GROVE, SANTRY, DUBLIN 9"	Dublin	"170,000"	174106	05/01/2018
"45 Carton Wood, Dublin Road, Maynooth"	Kildare	"415,000"	426324	05/01/2018
"46 DUN EMER WAY LUSK, DUBLIN"	Dublin	"193,000"	200500	05/01/2018
"47 JACOBS ISLAND, MAHON, CORK"	Cork	"350,000"	335872	05/01/2018
"5 Cois Glaisin Crescent, Johnstown, Navan"	Meath	"229,255"	238192	05/01/2018
"5 HARBOUR VIEW, HOWTH, DUBLIN 13"	Dublin	"50,000"	47815	05/01/2018
"5 MEADOW COURT, THE BEECHES, BOHERBUE"	Cork	"87,500"	86498	05/01/2018
"5 ST CONLETHS AVE, NEWBRIDGE, KILDARE"	Kildare	"162,000"	156406	05/01/2018
"50 AN LOGAN, KINGSTON, GALWAY"	Galway	"290,000"	279554	05/01/2018
"6 ASHLEIGH COURT, CASTLEKNOCK, DUBLIN 15"	Dublin	"281,500"	278730	05/01/2018
"6 DEERPARK LODGE, KILTIPPER, DUBLIN 24"	Dublin	"156,500"	161992	05/01/2018
"6 PIPERS COURT, MILLMOUNT RD, MULLINGAR"	Westmeath	"245,000"	249249	05/01/2018
"6 ST LAZERIANS TERRACE, LEIGHLINBRIDGE, CARLOW"	Carlow	"125,000"	124600	05/01/2018
"60 GRIFFITH PARADE, BALLYGALL RD EAST, DUBLIN 11"	Dublin	"280,000"	281816	05/01/2018
"619 CLONARD RD, KIMMAGE, DUBLIN 12"	Dublin	"652,000"	647860	05/01/2018
"62 SHEARWATER, PIER RD, KINSALE"	Cork	"333,000"	342814	05/01/2018
"69 ROCKFIELD AVE, TERENURE, DUBLIN 12"	Dublin	"545,000"	549237	05/01/2018
"69A RICHMOND PARK, HERBERT RD, BRAY"	Wicklow	"316,000"	314593	05/01/2018
"7 FERNDALE HEIGHTS, EMYVALE, MONAGHAN"	Monaghan	"180,000"	174686	05/01/2018
"7 PARK RD, MUSHERRY EST, BALLINCOLLIG"	Cork	"275,000"	282037	05/01/2018
"77 MORNINGTON TOWERS, MORNINGTON, MEATH"	Meath	"235,000"	233345	05/01/2018
"8 AYLESBURY, DOORADOYLE, RAHEEN"	Limerick	"160,000"	163324	05/01/2018
"8 Cnoc na Ri, Top Road, Strandhill"	Sligo	"202,643"	209174.17	05/01/2018
"8 COLBERT AVE, JANESBORO, LIMERICK"	Limerick	"111,000"	110710	05/01/2018
"8 GREAT COMMONS, LUSK VILLAGE, LUSK"	Dublin	"231,000"	242078	05/01/2018
"83 B HEYTESBURY LANE, BALLSBRIDGE, DUBLIN 4"	Dublin	"630,000"	603443	05/01/2018
"9 FAIRGREEN RD, BALLYSIMON RD, LIMERICK"	Limerick	"100,000"	97185	05/01/2018
"9 JAMES GATE, JAMES STREET, WATERFORD"	Waterford	"63,000"	65028	05/01/2018
"9 NEWTOWNSMITH, SANDYCOVE, DUBLIN"	Dublin	"1,300,000"	1279460	05/01/2018
"9 OAK RIDGE, DUN AN OIR, KANTURK"	Cork	"120,000"	118868	05/01/2018
"9 POOLE ST, PIMBLICO, DUBLIN 8"	Dublin	"120,000"	114623	05/01/2018
"9 QUACKER ROAD, CORK, CO. CORK"	Cork	"150,000"	151723	05/01/2018
"9 STAFFAN MANOR, STRAFFAN, KILDARE"	Kildare	"700,000"	708772	05/01/2018
"94 THE GROVE, CLONARD, WEXFORD"	Wexford	"155,000"	152020	05/01/2018
"APARTMENTS 1  2 AND 3, STELLA MARIS, CHURCH STREET"	Cork	"270,000"	263985	05/01/2018
"APARTMENT, MAIN STREET, BALLINAMORE"	Leitrim	"57,000"	57301	05/01/2018
"APT 102, ROYAL CANAL COURT, ROYAL CANAL WAY DUBLIN 15"	Dublin	"215,000"	215455	05/01/2018
"APT 12 SUTTON CASTLE, SHIELMARTIN ROAD, SUTTON"	Dublin	"640,000"	640771	05/01/2018
"APT 4, 4 CHARLEMONT TERRACE, CROFTON RD"	Dublin	"440,000"	449289	05/01/2018
"Apt. No. 12 Greenbank House, Cualanor  Uppr. Glenageary Road"	Dublin	"268,721"	257371	05/01/2018
"Apt. No. 14 Greenbank House, Cualanor  Uppr. Glenageary Road"	Dublin	"268,721"	265983	05/01/2018
"APT.2 -  ST STEEVENS GATE, ST. JAMES STREET, DUBLIN 8"	Dublin	"245,000"	235903	05/01/2018
"BALLYLINCH, BALTIMORE, CORK"	Cork	"470,000"	465127	05/01/2018
"BALLYMAGRINE, ROOSKY, CARRICK ON SHANNON"	Leitrim	"195,000"	202301	05/01/2018
"CAHERFILANE, KEEL, CASTLEMAINE"	Kerry	"265,000"	261224	05/01/2018
"CARRAHANE, BANNA, LOWER ARDFERT"	Kerry	"145,000"	147026	05/01/2018
"CLONMEEN, COOLESTOWN, RHODE"	Offaly	"310,000"	304407	05/01/2018
"CLONMORE, RHODE, OFFALY"	Offaly	"180,000"	185736	05/01/2018
"CLOONFEIGHTRIM, CLOONTIA, COUNTY MAYO"	Mayo	"15,000"	14881	05/01/2018
"Curraghevagh, Creggs"	Galway	"110,000"	104980	05/01/2018
"DEERAGH, DUNMANWAY, CO CORK"	Cork	"90,000"	86979	05/01/2018
"DERRYLAHARD, BALLYDEHOB, CORK"	Cork	"140,000"	144142	05/01/2018
"DIRREEN, ROSSMORE, CLONAKILTY"	Cork	"63,000"	64654	05/01/2018
"FORT RD, GOREY, CO WEXFORD"	Wexford	"185,000"	179981	05/01/2018
"GLENWOOD LODGE, GLENWOOD, DUBLIN RD ATHLONE"	Westmeath	"95,000"	95544	05/01/2018
"GORTBRACK, TRALEE, CO KERRY"	Kerry	"250,000"	254611	05/01/2018
"JOHNSTOWN, NAAS, KILDARE"	Kildare	"425,000"	431726	05/01/2018
"KILBRONOGUE, SCHULL, CORK"	Cork	"155,000"	161249	05/01/2018
"LIBERTIES, GREENORE RD, CARLINGFORD"	Louth	"500,000"	515027	05/01/2018
"LOWVILLE, AHASCRAGH, BALLINASLOE"	Galway	"120,000"	124972	05/01/2018
"MAIN ST, DUNCANNON, NEW ROSS"	Wexford	"168,000"	163984	05/01/2018
"MAPLE BROOK, FISHERY LANE, NAAS"	Kildare	"400,000"	391499	05/01/2018
"MAYNE RD, LYNNS ANNAGASSAN, LOUTH"	Louth	"360,000"	355185	05/01/2018
"NO 6 KILTORMER, BALLINASLOE, CO GALWAY"	Galway	"43,000"	43060	05/01/2018
"ROSEBERRY, NEWBRIDGE, CO KILDARE"	Kildare	"227,000"	224250	05/01/2018
"ST JUDES, ROCK ROAD, KILLARNEY"	Kerry	"164,000"	158387	05/01/2018
"THE BRAMBLES, KILWOGAN, CELBRIDGE"	Kildare	"830,000"	816348	05/01/2018
"THE COTTAGE, CARRICKEDMOND KILKURRY, DUNDALK"	Louth	"120,000"	123589	05/01/2018
"THE COTTAGE, DRUMEEN, LARAGH"	Wicklow	"145,000"	151245	05/01/2018
"THE DOWNS, BALLINGARRY, LIMERICK"	Limerick	"78,000"	81481	05/01/2018
"TULLYVOULTY, JOHNSTOWN, CO. KILKENNY"	Kilkenny	"115,000"	113211	05/01/2018
"WILLKNOT GROVE, BAWN, MOYDOW"	Longford	"145,000"	152178	05/01/2018
"142 BLOOMFIELD, NEWTOWN, ANNACOTTY"	Limerick	"230,000"	232943	06/01/2018
"24 PAIRC NA DUN, MOUNTHAWK, TRALEE"	Kerry	"161,000"	154982	06/01/2018
"72 BRACKEN HILL, SANDYFORD, DUBLIN 18"	Dublin	"212,500"	218337	06/01/2018
"CAPPAGH, DUNGARVAN, WATERFORD"	Waterford	"70,000"	68868	06/01/2018
"KNOCKATEE EAST, DUNMORE, GALWAY"	Galway	"85,000"	87681	06/01/2018
"55 PARNELL SQUARE WEST, ROTUNDA, DUBLIN 1"	Dublin	"554,178"	559703	07/01/2018
"7 THE MEADOWS, CLANE, KILDARE"	Kildare	"290,000"	301240	07/01/2018
"APT 1, 6 BELVEDERE PLACE, DUBLIN 1"	Dublin	"585,911"	593603	07/01/2018
"1 TOWNS PARK, SLI NA MBHANN, BALLINASLOE"	Galway	"44,555"	42611	08/01/2018
"10 CATHERINE'S COURT, FRIARSHILL, WICKLOW"	Wicklow	"210,000"	211300	08/01/2018
"10 ROBERT ST, DUBLIN 8, DUBLIN"	Dublin	"190,000"	188836	08/01/2018
"10 THE MOORINGS, PORTOBELLO HARBOUR, DUBLIN 8"	Dublin	"285,000"	293339	08/01/2018
"10 TOWNS PARK, SLI NA MBHANN, GALWAY"	Galway	"44,555"	46335	08/01/2018
"108 WHEATFIELD RD, PALMERSTOWN, DUBLIN 20"	Dublin	"230,000"	227325	08/01/2018
"11 ELTON COURT, SANDYCOVE, DUBLIN"	Dublin	"750,000"	744195	08/01/2018
"112 West St., Drogheda"	Louth	"320,000"	331154	08/01/2018
"12 ALEXANDRA WALK, PETER ST, DUBLIN 8"	Dublin	"300,000"	311733	08/01/2018
"12 Beechwood Gate, Beechwood, Hansfield"	Dublin	"301,101"	301061	08/01/2018
"12 Hamilton Hill, Barnageeragh Cove, Skerries"	Dublin	"378,900"	395737	08/01/2018
"12 HIGH ST, BALBRIGGAN, DUBLIN"	Dublin	"200,000"	201254	08/01/2018
"13 THE HAYMARKET, CATHEDRAL PLACE, LIMERICK"	Limerick	"50,000"	51231	08/01/2018
"13 THE MEWS MILLERSBROOK, NENAGH, TIPPERARY"	Tipperary	"152,500"	151793	08/01/2018
"139 RATHLODGE, ASHBOURNE, MEATH"	Meath	"292,000"	293000	08/01/2018
"14 PRIMROSE HILL, TOWER, BLARNEY"	Cork	"230,000"	231024	08/01/2018
"15 CROSTHWAITE, DUN LAOGHAIRE, PARK WEST"	Dublin	"673,875"	652971	08/01/2018
"16 THE MAPLES, LETTERKENNY, DONEGAL"	Donegal	"85,000"	86541	08/01/2018
"16A BALLSBRIDGE AVE, BALLSBRIDGE, DUBLIN"	Dublin	"1,260,000"	1266183	08/01/2018
"19 DOWNPATRICK ROAD, CRUMLIN, DUBLIN 12"	Dublin	"269,000"	259318	08/01/2018
"2 BEECH HOMES, TIVOLI RD, DUNLAOIRE"	Dublin	"710,000"	717139	08/01/2018
"2 BETTYS TOWN AVE, HOWTH RD, RAHENY DUBLIN 5"	Dublin	"515,000"	497971	08/01/2018
"2 MOUNT PROSPECT LAWNS, CLONTARF, DUBLIN 3"	Dublin	"825,000"	792203	08/01/2018
"2 RIVER WELL HOUSE, OAKVIEW VILLAGE, TRALEE"	Kerry	"95,000"	97710	08/01/2018
"2 TOWNS PARK, SLI NA MBHANN, BALLINASLOE"	Galway	"44,555"	46355	08/01/2018
"20 SHANDON PARK, PHIBSBOROUGH, DUBLIN 7"	Dublin	"550,000"	526063	08/01/2018
"21 HILLCOURT, CARTRONTROY, ATHLONE"	Westmeath	"150,000"	153696	08/01/2018
"22 Oakhill, Gorey, Co. Wexford"	Wexford	"240,000"	244064	08/01/2018
"22 THE PARK, LAKEPOINT PARK, MULLINGAR"	Westmeath	"209,000"	210804	08/01/2018
"23 CLUAIN CAISLEAN, FERNS, ENNISCORTHY"	Wexford	"135,000"	134796	08/01/2018
"23 Elder Heath Grove, Elder Heath, Kiltipper Road"	Dublin	"255,600"	262072	08/01/2018
"23 HARRISON PLACE, CHARLEVILLE, COUNTY CORK"	Cork	"60,000"	59319	08/01/2018
"25 Willow Close, Dunshaughlin"	Meath	"303,965"	315217	08/01/2018
"26 GORDON DR, CLOUGHLEIGH, ENNIS"	Clare	"27,194"	27036	08/01/2018
"29 Gort na Manach, Clonmel"	Tipperary	"224,670"	227660.58	08/01/2018
"29 PARK WOOD, ROSCHOILL, DUBLIN RD DROGHEDA"	Louth	"292,500"	301796	08/01/2018
"3 KERRYMOUNT RISE, FOXROCK, DUBLIN 18"	Dublin	"685,000"	704172	08/01/2018
"3 RIVER DR, CASTLEDRUM, CASTLEMAINE"	Kerry	"200,000"	204551	08/01/2018
"3 TOWNS PARK, SLI NA MBHANN, BALLINASLOE"	Galway	"44,555"	46173	08/01/2018
"30 CLANCY RD, FINGLAS, DUBLIN 11"	Dublin	"350,000"	339718	08/01/2018
"31 CAREYSTOWN WOODS, WHITEGATE, MIDLETON"	Cork	"214,950"	219197	08/01/2018
"31 ROSEMOUNT, CLONGOUR, THURLES"	Tipperary	"240,000"	237723	08/01/2018
"32 WESTWINDS, KILLINICK, CO WEXFORD"	Wexford	"237,500"	245485	08/01/2018
"33 Birch House, Silverbanks, Baldoyle"	Dublin	"149,780"	146157	08/01/2018
"333 TEMPLEOGUE RD, TEMPLEOGUE, DUBLIN 6W"	Dublin	"920,000"	927647	08/01/2018
"36 BEAUMONT AVE, CHURCHTOWN, DUBLIN 14"	Dublin	"455,000"	445725	08/01/2018
"37 LANESBOROUGH COURT, FINGLAS, DUBLIN 11"	Dublin	"200,000"	192060	08/01/2018
"38 GALTRIM GRANGE, BROOMFIELD, MALAHIDE"	Dublin	"410,000"	429999	08/01/2018
"4 ESTUARY WALK, BALLYNOE FARM, COBH"	Cork	"270,000"	261867	08/01/2018
"4 TOWNS PARK, SLI NA MBHANN, BALLINASLOE"	Galway	"44,555"	45537	08/01/2018
"4 WOODPARK, THE QUAY, WESTPORT"	Mayo	"177,500"	185410	08/01/2018
"410 GALTYMORE RD, DRIMNAGH, DUBLIN 12"	Dublin	"310,000"	298668	08/01/2018
"45 ASHGROVE, MONADREEN, THURLES"	Tipperary	"136,000"	135999	08/01/2018
"48 HARCOURT LODGE, SOUTHERN CROSS AVE, INCHICORE DUBLIN 8"	Dublin	"345,000"	336820	08/01/2018
"5 CLUAIN DARA, ENNISCORTHY, CO. WEXFORD"	Wexford	"22,600"	23618	08/01/2018
"5 FORT EYRE MEWS, MAUNSELLS RD, TAYLORS HILL"	Galway	"287,000"	283583	08/01/2018
"5 Hamilton Avenue, Mount Hamilton, Carrick Road"	Louth	"198,238"	205784	08/01/2018
"5 MILLHOUSE, NEWTOWN COMMONS, NEW ROSS"	Wexford	"83,000"	79356	08/01/2018
"5 RIVER WELL HOUSE, OAKVIEW VILLAGE, TRALEE"	Kerry	"95,000"	93909	08/01/2018
"5 TOWNS PARK, SLI NA MBHANN, BALLINASLOE"	Galway	"44,555"	45426	08/01/2018
"54 EAGLEWOOD, ROCHESTOWN AVE, DUN LAOGHAIRE"	Dublin	"380,000"	373309	08/01/2018
"6 TOWNS PARK, SLI NA MBHANN, BALLINASLOE"	Galway	"44,555"	42734	08/01/2018
"609 GATEWAY APTS, BALLINODE, SLIGO"	Sligo	"75,000"	72579	08/01/2018
"61 COSBY AVE, FAIRGREEN, MOUNTMELLICK RD"	Laois	"112,000"	109358	08/01/2018
"66 BEECHWOOD LAWNS, RATHCOOLE, DUBLIN 24"	Dublin	"354,000"	370703	08/01/2018
"7  TOWNSLAND, SLI NI HABHAINN, BALLINASLOE"	Galway	"44,555"	43075	08/01/2018
"7 CHURCHTOWN COURT, KILRANE, ROSSLARE"	Wexford	"125,000"	119770	08/01/2018
"70 THE STRAND, OCALLAGHAN STRAND, LIMERICK"	Limerick	"180,000"	186780	08/01/2018
"72 BRU NA GRUADAN, CASTLETROY, LIMERICK"	Limerick	"139,000"	134184	08/01/2018
"73 THE MEADOWS, MIDLETON, CO CORK"	Cork	"140,000"	139754	08/01/2018
"79 KILCRONAN AVE, CLONDALKIN, DUBLIN 22"	Dublin	"217,000"	223610	08/01/2018
"8 CUIL DUIN ROW, CUIL DUIN, CITY WEST"	Dublin	"246,696"	246664	08/01/2018
"8 Grace Park Way, Grace Park Wood, Grace Park Road"	Dublin	"418,502"	423719	08/01/2018
"8 MAPLE DR, DRUMGOLS WOODS, CO CAVAN"	Cavan	"175,000"	166821	08/01/2018
"84 OAK HILL, CASTLECOMER, KILKENNY"	Kilkenny	"160,000"	156220	08/01/2018
"89 BANNOW RD, CABRA WEST, DUBLIN 7"	Dublin	"299,950"	307858	08/01/2018
"9 TOWNS PARK, SLI NA MBHANN, BALLINASLOE"	Galway	"44,555"	46676	08/01/2018
"93 CARNLOUGH RD, CABRA RD, CABRA DUBLIN 7"	Dublin	"230,000"	230853	08/01/2018
"98 MEADOWBANK PARK, LETTERKENNY, COUNTY DONEGAL"	Donegal	"45,000"	46913	08/01/2018
"Apartment 1 GF, Churchfield Manor, Killala"	Mayo	"26,432"	27711.71	08/01/2018
"APT 11 ST PETERS SQ, PHIBSBORO PLACE, PHIBSBORO DUBLIN 7"	Dublin	"207,500"	208067	08/01/2018
"APT 18, EATON GREEN, MAIN ST"	Dublin	"212,000"	214448	08/01/2018
"APT 19, HAZELWOOD, BRIDGETOWN"	Wexford	"288,047"	279095	08/01/2018
"Apt 2 First Floor, Churchfield Manor, Killala"	Mayo	"35,242"	36905.29	08/01/2018
"APT 75, WYCKHAM PLACE, WYCKHAM WAY DUBLIN 16"	Dublin	"382,500"	389516	08/01/2018
"ARDAGH, SHORE ROAD, BALLYLIFFIN"	Donegal	"315,000"	323477	08/01/2018
"BALLYMACKESSY, CLONROCHE, ENNISCORTHY"	Wexford	"65,000"	64397	08/01/2018
"BALLYNACOURTY, CAPPAGH, DUNGARVAN"	Waterford	"190,000"	197701	08/01/2018
"BERRIVALE TUITESTOWN, CROOKEDWOOD, MULLINGAR"	Westmeath	"362,500"	375480	08/01/2018
"BROOKVILLE FARM, GLENFIELD, LISCARROLL"	Cork	"265,000"	256657	08/01/2018
"Brookwood Lodge, Glenamuck Road South, Carrickmines"	Dublin	"792,952"	828457.54	08/01/2018
"CAM, EDGEWORTHSTOWN, CO LONGFORD"	Longford	"145,000"	138261	08/01/2018
"CEATHRU, DUN CHAOIN, TRA LI"	Kerry	"200,000"	198523	08/01/2018
"CHERRYFIELD COTTAGE, DEVLIS, BALLYHAUNIS"	Mayo	"64,000"	65971	08/01/2018
"CLOONCUNDRA, BALLYMURRAY, ROSCOMMON"	Roscommon	"70,000"	72363	08/01/2018
"COOLAGEELA, KANTURK, CO CORK"	Cork	"230,000"	225067	08/01/2018
"COOLMANAGH, 75CARRICKBREAC RD, BAILY DUBLIN 13"	Dublin	"1,620,000"	1683973	08/01/2018
"CRAANS, ARDATTIN, CARLOW"	Carlow	"235,000"	231446	08/01/2018
"DEERPARK, MOUNTRATH, COUNTY LAOIS"	Laois	"90,000"	87688	08/01/2018
"DEERPARK, MOUNTRATH, LAOIS"	Laois	"202,000"	211256	08/01/2018
"DRINAGH, TARMONBARRY, COUNTY ROSCOMMON"	Roscommon	"115,000"	109936	08/01/2018
"DRUMCOOLY, EDENDERRY, OFFALY"	Offaly	"90,000"	93906	08/01/2018
"GREENHILL, COOLVALENANEBEG, KINSALE"	Cork	"475,000"	477127	08/01/2018
"HIDEAWAY COTTAGE, LISLANAHAN, KILKEE"	Clare	"140,000"	139555	08/01/2018
"KILBEG UPPER, TALLOW, WATERFORD"	Waterford	"101,000"	103403	08/01/2018
"LEENARD, THE MARINA, BLACKROCK"	Cork	"881,000"	905966	08/01/2018
"MAIN STREET, CLOUGHJORDAN, OO TIPPERARY"	Tipperary	"95,000"	90876	08/01/2018
"MEADOWBROOK, INCH ROAD, BALROTHERY"	Dublin	"485,000"	480054	08/01/2018
"MOUNTEAGLE HOUSE, KILGOBBIN RD, SANDYFORD DUBLIN 18"	Dublin	"1,675,000"	1751143	08/01/2018
"MUCKALEE, BALLYFOYLE, CUONTY KILKENNY"	Kilkenny	"75,000"	72840	08/01/2018
"MULBERRY HOUSE, ENNIS RD, LIMERICK"	Limerick	"615,000"	620625	08/01/2018
"POWELLS HILL, COOTEHILL, BOYLE"	Roscommon	"10,000"	9961	08/01/2018
"PRAGUE, JOHNSTOWN COURT, DUN LAOGHAIRE"	Dublin	"2,020,000"	1951344	08/01/2018
"RECTORY RD, ENNISCORTHY, CO WEXFORD"	Wexford	"160,000"	159026	08/01/2018
"ROSPILE, FOULKSMILLS, WEXFORD"	Wexford	"218,500"	221712	08/01/2018
"RUSHOLME, CLADDAGHDUFF, GALWAY"	Galway	"220,000"	217204	08/01/2018
"SAN ESTABAN, THE QUAY, DOONBEG"	Clare	"237,500"	227893	08/01/2018
"SAN PAULA, ORCHARD RD, CORK"	Cork	"1,900,000"	1894139	08/01/2018
"SEASPRAY, NEWTOWNSMITH, SANDYCOVE"	Dublin	"1,560,000"	1565580	08/01/2018
"site 95  road 4, kilheale Manor, Kill"	Kildare	"273,128"	281316.75	08/01/2018
"TULLIG, CAHERCIVEEN, KERRY"	Kerry	"174,500"	170543	08/01/2018
"WOODVILLE, BELINSTOWN, BALLYBOUGHAL"	Dublin	"500,000"	504096	08/01/2018
"1 NORBURGH COURT, GREENCASTLE, COUNTY DONEGAL"	Donegal	"70,000"	71065	09/01/2018
"1 ORCHARD RD, OFF CLONIFF RD, BALLYBOUGH"	Dublin	"210,000"	207499	09/01/2018
"1 The Way, Citywest Village, Citywest"	Dublin	"286,343"	272724	09/01/2018
"10 ABBEY VILLE, CLARE RD, ENNIS"	Clare	"249,500"	252337	09/01/2018
"10 MARKET ST, CLOGHEEN, TIPPERARY"	Tipperary	"55,000"	56157	09/01/2018
"10 SCHULL HOLIDAYS COTTAG, SCHULL, CO CORK"	Cork	"370,000"	366205	09/01/2018
"11 MEADOW COURT, DUBLIN RD, MULLINGAR"	Westmeath	"160,000"	163182	09/01/2018
"12 ARD AOIBHINN - BLOCK 1, CRADDOCKSTOWN PARK, NAAS"	Kildare	"118,000"	118368	09/01/2018
"12 PLASSEY GROVE, CASTLETROY, LIMERICK"	Limerick	"228,000"	235282	09/01/2018
"122 AUGHNASKERRY DR, CAVAN, CAVAN"	Cavan	"89,500"	88525	09/01/2018
"131 VERDEMONT, SNUGBOROUGH RD, BLANCHARDSTOWN DUBLIN 15"	Dublin	"225,000"	215566	09/01/2018
"14 KILBARRACK GROVE, KILBARRACK, DUBLIN 5"	Dublin	"575,000"	575222	09/01/2018
"15 AILESBURY PARK, BALLSBRIDGE, DUBLIN 4"	Dublin	"2,500,000"	2491325	09/01/2018
"16 ARD NA GAOITHE, KNOCKATALLON, MONAGHAN"	Monaghan	"80,000"	78301	09/01/2018
"16 GEORGES HEAD, KILKEE, CLARE"	Clare	"275,000"	268800	09/01/2018
"16 PARADISE FOUND, MULRANNY, CO. MAYO"	Mayo	"170,000"	165742	09/01/2018
"17 WILLOW WOOD GREEN, HARTSTOWN, DUBLIN 15"	Dublin	"277,000"	287434	09/01/2018
"19 Terenure Gate, Terenure, Dublin 6w"	Dublin	"691,630"	695664.94	09/01/2018
"1A SARSFIELD ST, OFF BERKELEY RD, DUBLIN 7"	Dublin	"200,000"	205938	09/01/2018
"1B SARSFILED ROAD, PHIBBSBOROUGH, DUBLIN 7"	Dublin	"200,000"	205959	09/01/2018
"2 CLOISTER GATE, CARYSFORT AVE, BLACKROCK"	Dublin	"570,000"	561100	09/01/2018
"2 MILLRACE WALK, SAGGART, DUBLIN"	Dublin	"275,000"	282183	09/01/2018
"20 Birch House, Silverbanks, Baldoyle"	Dublin	"145,374"	140165	09/01/2018
"206 AN COIM CHOILLE, BETTYSTOWN TN CTR, BETTYSTOWN"	Meath	"157,000"	155496	09/01/2018
"211 CHURCH FIELDS, ASHBOURNE, MEATH"	Meath	"326,000"	335492	09/01/2018
"222 KINGSBRY, MAYNOOTH, KILDARE"	Kildare	"280,000"	267500	09/01/2018
"226 THE RICHMOND, NORTH BRUNSWICK ST, DUBLIN 7"	Dublin	"320,000"	308100	09/01/2018
"23 Beechwood Gate, Beechwood, Hansfield"	Dublin	"277,533"	284497	09/01/2018
"24 Churchfields Park, Ashbourne"	Meath	"278,837"	269508	09/01/2018
"26 PAIRC NA SRAIDE, GLENVILLE, CORK"	Cork	"186,000"	184632	09/01/2018
"26 Rathmill Green, Rathmill Manor, Rathcole"	Dublin	"333,920"	337523	09/01/2018
"277 ST MARY'S GREEN, COLLOONEY, CO SLIGO"	Sligo	"98,500"	100985	09/01/2018
"3 BUTTERCUP AVE, ESKER HILLS, PORTLAOISE"	Laois	"97,000"	92698	09/01/2018
"3 MITCHELL TERRACE, MITCHELL ST, DUNGARVAN"	Waterford	"130,000"	133442	09/01/2018
"3 The Lane, Millers Glen, Swords"	Dublin	"405,606"	385609	09/01/2018
"32 WOODSIDE, COURTOWN HARBOUR, GOREY"	Wexford	"180,000"	179299	09/01/2018
"33 MARKET COURT, NEWCASTLE WEST, LIMERICK"	Limerick	"70,000"	68330	09/01/2018
"34 THE OAKS, LISCREAGH, MURROE"	Limerick	"145,000"	142843	09/01/2018
"37 GLENMA AVE, CROOM, LIMERICK"	Limerick	"60,000"	58528	09/01/2018
"37 Kirvin Hill, Rathnew"	Wicklow	"242,291"	249422.74	09/01/2018
"38 Finlay Park, Old Carragh Road, Naas"	Kildare	"312,775"	301434.33	09/01/2018
"38 ST KEVINS PARK, DARTRY, DUBLIN 6"	Dublin	"1,650,000"	1712306	09/01/2018
"4 CHURCH VIEW, CLAREGALWAY, GALWAY"	Galway	"337,000"	325635	09/01/2018
"40 ASHBROOK, HOWTH RD, CLONTARF DUBLIN 3"	Dublin	"637,500"	623881	09/01/2018
"45 THE ROWAN, ROCKFIELD, DUNDRUM"	Dublin	"350,000"	332679	09/01/2018
"46 CUIRT NA HABHAINN, LAKEVIEW, CLAREGALWAY"	Galway	"105,000"	104597	09/01/2018
"5 ABBEYSIDE, HOLYCROSS, THURLES"	Tipperary	"120,000"	118990	09/01/2018
"5 FITZHAVEN, SOUTH CIRCULAR RD, LIMERICK"	Limerick	"230,000"	234650	09/01/2018
"53 HAZELWOOD, LOUGHREA, GALWAY"	Galway	"197,000"	200392	09/01/2018
"56 LAKEVIEW, CASTLEBAR, CO MAYO"	Mayo	"160,000"	160806	09/01/2018
"57 MOUNT DRUMMOND SQ, HAROLDS CROSS, DUBLIN 6"	Dublin	"482,000"	500471	09/01/2018
"6 MILLHAVEN, BALLYEDMOND, GOREY"	Wexford	"70,000"	71535	09/01/2018
"6 THE SYCAMORES, RATHMULLAN, DONEGAL"	Donegal	"144,500"	143908	09/01/2018
"6 WOODVILLE DRIVE, ATHLONE, WESTMEATH"	Westmeath	"212,000"	210468	09/01/2018
"60 DELMARE, ENFIELD, MEATH"	Meath	"257,500"	259369	09/01/2018
"62 CEDAR PARK, LEIXLIP, KILDARE"	Kildare	"236,000"	241816	09/01/2018
"7 ASHFIELD ROAD, RANELAGH, DUBLIN 6"	Dublin	"1,110,000"	1122713	09/01/2018
"7 DodderBrook Avenue, Old Court Road, BALLYCULLEN DUBLIN 24"	Dublin	"343,612"	340911.32	09/01/2018
"7 MILLHAVEN, BALLYEDMOND, GOREY"	Wexford	"90,000"	92308	09/01/2018
"70 CLUAIN BUI, THE MOYNE, ENNISCORTHY"	Wexford	"100,000"	104623	09/01/2018
"8 dun eimear, eastham road, bettystown"	Meath	"245,000"	252007	09/01/2018
"85 The Parklands, Youghal"	Cork	"145,375"	143511	09/01/2018
"88 ABBEY COURT, BALLINA, CO MAYO"	Mayo	"79,500"	79473	09/01/2018
"9 THE WILLOWS, KEANES RD, WATERFORD"	Waterford	"172,500"	175562	09/01/2018
"95 THE GREEN, BEAUMONT WOODS, BEAUMONT DUBLIN 9"	Dublin	"330,000"	318601	09/01/2018
"ADANAC, BALLINACARRIG, BRITTAS BAY"	Wicklow	"251,770"	240662	09/01/2018
"AN CARRIG, THE RAMPARTS, KINSALE"	Cork	"700,000"	676219	09/01/2018
"Apartment 26 Coll Corran, Park Road, Killarney"	Kerry	"185,000"	188493	09/01/2018
"Apartment 38, Fairfield, Dingle"	Kerry	"183,436"	180850	09/01/2018
"APT 114 THE VILLAGE, CLARION RD, BALLYTIVNAN"	Sligo	"64,000"	61050	09/01/2018
"APT 11, AN FUARAN, MOYCULLEN"	Galway	"700,000"	734477	09/01/2018
"APT 2, 21 ST PATRICKS HILL, CORK"	Cork	"145,000"	140434	09/01/2018
"APT 37A, LANSDOWNE VALLEY, SLIEVEBLOOM RD DUBLIN 12"	Dublin	"225,000"	230858	09/01/2018
"ARDOUGHTER, BALLYDUFF, CO KERRY"	Kerry	"125,000"	122750	09/01/2018
"BALLINDINAS, BARNTOWN, WEXFORD"	Wexford	"215,000"	208645	09/01/2018
"BALLINTUBBER WEST, CARRIGTWOHILL, CORK"	Cork	"125,000"	128496	09/01/2018
"BANK LODGE, 1 KINSALE RD, TURNERS CROSS"	Cork	"260,000"	263687	09/01/2018
"CHURCH ST, TULLOW, CARLOW"	Carlow	"145,000"	151438	09/01/2018
"COOLBANAGHER CASTLE HOUSE, COOLBANAGHER, EMO"	Laois	"450,000"	439320	09/01/2018
"GAOTH NA MARA, UPPER QUAY, WESTPORT"	Mayo	"106,000"	102882	09/01/2018
"GROUND FLOOR APT 2, MOY MEWS, BALLYMAHON"	Longford	"75,000"	71733	09/01/2018
"HOUSE, CLONOLIA SOUTH, MOUNTSHANNON"	Clare	"120,000"	114012	09/01/2018
"KILVEMNON, MULLINAHONE, TIPPERARY"	Tipperary	"45,000"	46137	09/01/2018
"KNOCKANARE, BUTTEVANT, COUNTY CORK"	Cork	"90,000"	93605	09/01/2018
"MILVERTON, SKERRIES, COUNTY DUBLIN"	Dublin	"310,000"	311160	09/01/2018
"MONEVANE, WALSH ISLAND, OFFALY"	Offaly	"180,000"	185486	09/01/2018
"OBERSTOWN, TARA, MEATH"	Meath	"246,000"	251427	09/01/2018
"RATHGONAN, ARDAGH, LIMERICK"	Limerick	"100,000"	97485	09/01/2018
"ROSEANNA, SLIABH LAOI, KERRY PIKE"	Cork	"290,000"	296456	09/01/2018
"ROSEBANK, CLASH RD, LITTLE ISLAND"	Cork	"267,000"	255036	09/01/2018
"SHANBALLY, BALLYGARRON, KILMEADEN"	Waterford	"285,000"	273338	09/01/2018
"SPRINGFIELD, CASTLEBAR, MAYO"	Mayo	"208,000"	199481	09/01/2018
"ST KEARNS, SALTMILL FETHARD ON SEA, WEXFORD"	Wexford	"359,000"	348601	09/01/2018
"THE COTTAGE, LICKNAVAR, SKIBBEREEN"	Cork	"160,000"	162903	09/01/2018
"THE SQUARE, OUGHTERARD, GALWAY"	Galway	"222,000"	231637	09/01/2018
"TONANEAVE, MAGHERACLOONE, CARRICKMACROSS"	Monaghan	"255,000"	246049	09/01/2018
"Unit 56  Block A, Orwell Gate, Marianella"	Dublin	"660,793"	655852	09/01/2018
"UPPER ROAD, STRANDHILL, CO SLIGO"	Sligo	"411,012"	398044	09/01/2018
"10 Pairc Na Ri, Athenry, Galway"	Galway	"208,239"	215648	10/01/2018
"10 PRIORY GROVE, STILLORGAN, DUBLIN"	Dublin	"700,000"	666340	10/01/2018
"10 THE CRESCENT, BODEN PARK, RATHFARNHAM DUBLIN 14"	Dublin	"450,000"	437232	10/01/2018
"107 BRUACH NA HABHAINN, QUIN RD, ENNIS"	Clare	"94,000"	94146	10/01/2018
"113 SEVEN OAKS, SARSFIELD RD, DUBLIN 10"	Dublin	"60,719"	62692.14	10/01/2018
"12 ABOTTSWOOD DOWNS, MONASTERY RD, ROCHESTOWN"	Cork	"730,000"	738104	10/01/2018
"12 CANON HALL, CHURCH ST EAST, DUBLIN 3"	Dublin	"335,000"	331095	10/01/2018
"12 GLANDORE AVE, BLACKROCK, CORK"	Cork	"250,000"	253722	10/01/2018
"12 GRANARY, ABBEYKNOCKMOY, TUAM"	Galway	"152,000"	147651	10/01/2018
"12 Stratton Close, Adamstown Square, Adamstown"	Dublin	"281,938"	278909.32	10/01/2018
"121 GLENCULLEN, DUNTAHANE RD, FERMOY"	Cork	"175,000"	181703	10/01/2018
"14 BERNADETTE PLACE, THE FAYTHE, WEXFORD"	Wexford	"155,000"	157655	10/01/2018
"14 CORR A BHILE, MANORHAMILTON ROAD, KILLARGUE"	Leitrim	"70,000"	71789	10/01/2018
"14 Hollywoodrath Road, Hollystown, Dublin"	Dublin	"352,423"	365988	10/01/2018
"14 MILLSTREAM, KILLALOE"	Clare	"120,000"	120054	10/01/2018
"153 ARDMORE DR, ARTANE, DUBLIN 5"	Dublin	"420,000"	432146	10/01/2018
"16 ARD DARA DR, STATION RD, BLARNEY"	Cork	"326,000"	322856	10/01/2018
"16 GREENDALE, CLON RD, ENNIS"	Clare	"177,000"	177792	10/01/2018
"16 MC MAHON ST, SOUTH CIRCULAR RD, DUBLIN 8"	Dublin	"525,000"	542332	10/01/2018
"17 WINDSOR COURT, STRADBROOK RD, BLACKROCK"	Dublin	"200,000"	194497	10/01/2018
"18 BROOKES MILL, PROSPEROUS, KILDARE"	Kildare	"224,670"	227034.6	10/01/2018
"18 DAVITT ROAD SOUTH, WEXFORD"	Wexford	"130,000"	135403	10/01/2018
"18 GLAVIN'S TERRACE, COBH, CO CORK"	Cork	"135,000"	137702	10/01/2018
"18 WINDSOR COURT, STRADBROOK RD, BLACKROCK"	Dublin	"200,000"	191187	10/01/2018
"19 ARD ESKER, ATHENRY, GALWAY"	Galway	"195,000"	194365	10/01/2018
"19 CUIL DUIN ROW, CITYWEST"	Dublin	"264,317"	261229	10/01/2018
"19 Longview Place, Millers Glen, Swords"	Dublin	"284,141"	280355	10/01/2018
"19 RIVERWOOD CHASE, CARPENTERSTOWN, DUBLIN 15"	Dublin	"422,000"	408431	10/01/2018
"2 croftwell school road, rathcoole, co dublin"	Dublin	"352,423"	347042.9	10/01/2018
"2 GREEN LANE, OFF NEW ST, KILLARNEY"	Kerry	"80,000"	83804	10/01/2018
"2 GROVELANDS, BALLYMAHON RD, ATHLONE"	Westmeath	"150,000"	154637	10/01/2018
"2 Perrymount, Inch, Gorey"	Wexford	"339,207"	335535.04	10/01/2018
"2 THE GROVE, ABBEYSIDE, DUNGARVAN"	Waterford	"170,000"	169043	10/01/2018
"2 THE VILLAS, CLONROCHE, ENNISCORTHY"	Wexford	"55,000"	54838	10/01/2018
"2 WOODPARK, LISMONAGHAN, LETTERKENNY"	Donegal	"70,000"	70771	10/01/2018
"20 AVOCA HALL, AVOCA PARK, BLACKROCK"	Dublin	"205,000"	198659	10/01/2018
"208 CASTLETOWN ESTATE, LEIXLIP, KILDARE"	Kildare	"440,100"	448763	10/01/2018
"22 COLLEGE PARK, LETTERKENNY, DONEGAL"	Donegal	"80,000"	83608	10/01/2018
"223 RICHMOND COURT, DARTRY, DUBLIN 6"	Dublin	"395,000"	402259	10/01/2018
"24 Ard na Locha, Moate, County Westmeath"	Westmeath	"169,540"	171130	10/01/2018
"24 Coolkellure Rise, Lehenaghbeg"	Cork	"228,149"	227308	10/01/2018
"254 DELWOOD RD, CASTLEKNOCK, DUBLIN 15"	Dublin	"477,500"	455900	10/01/2018
"26 CLUNE RD, FINGLAS EAST, DUBLIN 11"	Dublin	"295,000"	309527	10/01/2018
"26 THE PARK, BEAUMONT WOODS, BEAUMONT DUBLIN 9"	Dublin	"420,000"	429285	10/01/2018
"26 THE PARK, DRUMMIN VILLAGE, NENAGH"	Tipperary	"160,000"	167409	10/01/2018
"27 ASHLAWN PARK, BALLYBRACK, DUBLIN"	Dublin	"140,000"	139333	10/01/2018
"28 AISLING CLOSE, BALLINCOLLIG, CORK"	Cork	"220,000"	227423	10/01/2018
"28 Parkside Boulevard, Malahide Road, Dublin 13"	Dublin	"352,423"	335868	10/01/2018
"29 CLONLARA VILLAGE, CLONLARA, CLARE"	Clare	"180,000"	180412	10/01/2018
"29 GRAY ST, DUBLIN 8, DUBLIN"	Dublin	"401,000"	389230	10/01/2018
"29 The Meadows, Whitefield Manor, Bettystown"	Meath	"225,022"	227748.03	10/01/2018
"3 COOLCORMACK VALLEY, DUNGARVAN, WATERFORD"	Waterford	"130,000"	125857	10/01/2018
"3 COOLMINE MEWS, CLONSILLA, DUBLIN 15"	Dublin	"365,000"	351739	10/01/2018
"3 O'MAHONY AVENUE, BANDON, CO CORK"	Cork	"112,000"	112279	10/01/2018
"3 OCEAN VIEW, LAHINCH, CLARE"	Clare	"155,000"	156151	10/01/2018
"30 FARNAMURRAY, NENAGH, TIPPERARY"	Tipperary	"154,185"	149955	10/01/2018
"30 FRIARS GREEN, TULLOW RD, CARLOW"	Carlow	"136,000"	131295	10/01/2018
"31 AILESBURY MEWS, AILESBURY GARDENS, SANDYMOUNT DUBLIN 4"	Dublin	"250,000"	248172	10/01/2018
"31 ST PETERS SQ, PHIBSBORO, DUBLIN 7"	Dublin	"198,000"	197553	10/01/2018
"32 LARCHFIELD RISE, CORK HILL, YOUGHAL"	Cork	"135,000"	132673	10/01/2018
"34 THE DRIVE, EARLS COURT, KILL"	Kildare	"305,000"	319602	10/01/2018
"35 GLENMA, CROOM, LIMERICK"	Limerick	"32,250"	30856	10/01/2018
"35 MONALOE AVENUE, BLACKROCK, CO DUBLIN"	Dublin	"550,000"	535489	10/01/2018
"36 GATE LODGE, CASTLE RD, BLACKROCK"	Cork	"287,500"	298415	10/01/2018
"37 WOODLANDS PARK, COILL DUBH, NAAS"	Kildare	"206,000"	216156	10/01/2018
"38 THE CRESCENT, LOUGHBOLLARD, CLANE"	Kildare	"220,000"	222563	10/01/2018
"39 SEVEN OAK, SARSFIELD ROAD, BALLYFERMOT"	Dublin	"68,482"	70790.51	10/01/2018
"4 COIS ABHAINN, RIVERSTICK, CORK"	Cork	"225,000"	224745	10/01/2018
"4 ROWLANDS LANE, OFF DOMINICK ST, CORK"	Cork	"127,000"	130619	10/01/2018
"4 ST BRIDGETS TERRACE, GALWAY RD, TUAM"	Galway	"73,000"	70785	10/01/2018
"40 CORN EXCHANGE, POOLBEG ST, DUBLIN 2"	Dublin	"315,601"	302307	10/01/2018
"40 THE CRESCENT MILLBROOK LAWNS, TALLAGHT DUBLIN 2, DUBLIN"	Dublin	"280,000"	267491	10/01/2018
"44 DEERPARK PLACE, KILTIPPER WAY, DUBLIN 24"	Dublin	"175,000"	174809	10/01/2018
"44 THE CLOSE, DRUMMIN VILLAGE, NENAGH"	Tipperary	"165,000"	158377	10/01/2018
"45 BELGROVE LAWN, CHAPELIZOD, DUBLIN 20"	Dublin	"545,000"	518179	10/01/2018
"45 ORWELL GATE, Marianella, RATHGAR"	Dublin	"523,325"	518422	10/01/2018
"45 THE CLOSE, DRUMMIN VILLAGE, NENAGH"	Tipperary	"165,000"	158290	10/01/2018
"48 HOLLYWOOD EST, BLARNEY RD, CORK"	Cork	"155,000"	159600	10/01/2018
"49 ROSEHILL, BALLINACURRA, MIDLETON"	Cork	"325,000"	340046	10/01/2018
"5 AVOCA HALL, AVOCA PARK, BLACKROCK"	Dublin	"215,000"	214004	10/01/2018
"5 COURTWOOD, GARRYDUFF, ROCHESTOWN"	Cork	"625,000"	607677	10/01/2018
"5 HENRY STREET, TULLAMORE, COUNTY OFFALY"	Offaly	"40,000"	41851	10/01/2018
"5 MCCLURES TERRACE, LETTERKENNY, DONEGAL"	Donegal	"31,000"	30810	10/01/2018
"50 BERRYS CLOSE SPA RD, INCHICORE DUBLIN 8, DUBLIN"	Dublin	"68,120"	66732.83	10/01/2018
"50 CULLENSWOOD APTS, NORTHBROOK AVE, RANELAGH DUBLIN 6"	Dublin	"150,000"	144986	10/01/2018
"51 LEOPARDSTOWN GROVE, LEOPARDSTOWN, DUBLIN 18"	Dublin	"825,000"	861935	10/01/2018
"51 RIVER CRESCENT, VIRGINIA, CAVAN"	Cavan	"295,000"	286962	10/01/2018
"52 CULLENSWOOD HOUSE, NORTHBROOK AVE, RANELAGH DUBLIN 6"	Dublin	"150,000"	155626	10/01/2018
"526 CURRAGH RD, KILDARE, KILDARE"	Kildare	"170,000"	162477	10/01/2018
"53 CANON HALL, CHURCH ST EAST, DUBLIN 3"	Dublin	"340,000"	333180	10/01/2018
"55 SHANNON PARK, EDGEWORTHSTOWN, LONGFORD"	Longford	"82,000"	78542	10/01/2018
"6 EDWARD PLACE, BLOOMFIELD AVE, DONNYBROOK"	Dublin	"420,000"	439376	10/01/2018
"6 HOME RULE TERRACE, SKIBBEREEN, CO CORK"	Cork	"65,000"	63030	10/01/2018
"6 NEW ROAD, BIRR, OFFALY"	Offaly	"82,000"	80858	10/01/2018
"6 ST SEACHNAILS, DUNSHAUGHLIN, MEATH"	Meath	"350,000"	358575	10/01/2018
"6 THE PARK, DRUMMIN VILLAGE, NENAGH"	Tipperary	"170,000"	169165	10/01/2018
"61 Orwell Gate, Block A, Marianella"	Dublin	"472,488"	472870	10/01/2018
"63 The Meadows, Marlton Road, Wicklow Town"	Wicklow	"299,559"	292714.46	10/01/2018
"65 HIGH ST, CORK"	Cork	"205,000"	199511	10/01/2018
"66 RATHDOWN PARK, GREYSTONES, WICKLOW"	Wicklow	"545,000"	567278	10/01/2018
"67 NORTH MAIN STREET, YOUGHAL, CO CORK"	Cork	"40,000"	38339	10/01/2018
"67 NORTH MAIN STREET, YOUGHAL, CO CORK"	Cork	"39,500"	40817	10/01/2018
"7 AN BOITHRIN NUA, SEAN DOIRE, DURROW"	Laois	"155,000"	160092	10/01/2018
"7 DAVID PARK, WHITWORTH RD, DRUMCONDRA DUBLIN 9"	Dublin	"347,000"	350463	10/01/2018
"7 GLEANN TUARAIG, CHICKLEYS RD, YOUGHAL"	Cork	"126,500"	123559	10/01/2018
"71 GOLDENBRIDGE AVE, INCHICORE, DUBLIN 8"	Dublin	"306,000"	318647	10/01/2018
"72 MONTROSE CRESCENT, ARTANE, DUBLIN 5"	Dublin	"414,000"	418725	10/01/2018
"75 BROTHERTON, SLEATY RD, CARLOW"	Carlow	"172,500"	180591	10/01/2018
"8 MOUNT PROSPECT, GLASHEEN RD, CORK"	Cork	"280,000"	276174	10/01/2018
"8 THE GLEN, GREENVALLEY, DONNYBROOK"	Cork	"123,000"	119499	10/01/2018
"8 THE STABLES, BRIDGE ST, HEADFORD"	Galway	"91,500"	91669	10/01/2018
"82 ARDLEA, DUNSHAUGHLIN, MEATH"	Meath	"295,000"	297092	10/01/2018
"85 STEEPLECHASE GREEN, RATOATH, MEATH"	Meath	"272,000"	266242	10/01/2018
"87 ASWOOD, ROUNDWOOD, WICKLOW"	Wicklow	"228,500"	229198	10/01/2018
"88 KILDARE RD, CRUMLIN DUBLIN 12, DUBLIN"	Dublin	"84,846"	85152.08	10/01/2018
"92 LORETO ABBEY, RATHFARNHAM, DUBLIN 18"	Dublin	"325,000"	339619	10/01/2018
"93 THE DRIVE, KILL ST. LAWRENCE, AIRPORT ROAD"	Waterford	"219,383"	215491	10/01/2018
"97 Ashfield Avenue, Ridgewood, Forrest Road"	Dublin	"370,000"	368515	10/01/2018
"ALLENWORTH NORTH, NAAS, CO KILDARE"	Kildare	"80,000"	80365	10/01/2018
"ANNAGHBEG, STROKESTOWN, CO ROSCOMMON"	Roscommon	"120,000"	121335	10/01/2018
"APARTMENT 15 THE MOORINGS, MARKET POINT, MULLINGAR"	Westmeath	"48,000"	49185	10/01/2018
"APT 118 THE FALCON, JACOBS ISLAND, MAHON"	Cork	"157,000"	153377	10/01/2018
"APT 17, WELLINGTON SQ, WELLINGTON ST"	Waterford	"60,000"	62150	10/01/2018
"APT 1, VERCHOYLE HOUSE, STEPHENS LANE DUBLIN 2"	Dublin	"100,000"	100111	10/01/2018
"APT 26, LESLIES ARCH, OLD QUARTER"	Cork	"202,000"	200647	10/01/2018
"APT 36, GLASLYN, HOWTH RD DUBLIN 3"	Dublin	"385,000"	383029	10/01/2018
"APT 60, MILL HOUSE, ENNIS"	Clare	"67,000"	69435	10/01/2018
"APT 66, 16 KINGS INNS ST, DUBLIN 1"	Dublin	"355,000"	369462	10/01/2018
"APT 6, VERCHOYLE HOUSE, STEPHENS LANE DUBLIN 2"	Dublin	"100,000"	96834	10/01/2018
"APT 9 DILLON COURT, CHURCH LANE, COUNTY LEITRIM"	Leitrim	"28,000"	26757	10/01/2018
"BALLYNASLANEY, OYLEGATE, ENNISCORTHY"	Wexford	"95,000"	99254	10/01/2018
"BISHOPSLOUGH EAST, NEWTOWN, BENNETTSBRIDGE"	Kilkenny	"340,000"	353769	10/01/2018
"CROSSROADS, NEWTOWN, CASTLETROY"	Limerick	"258,000"	260567	10/01/2018
"FARAHY RD, KILDORRERY, CORK"	Cork	"71,000"	68395	10/01/2018
"GREENWOOD, DUNDRUM, CO DUBLIN"	Dublin	"495,000"	511113	10/01/2018
"GREYFIELD, CULFADDA, BALLYMOTE"	Sligo	"25,000"	26072	10/01/2018
"KELLYSTOWN, COOLDERRY, CARRICKMACROSS"	Monaghan	"160,000"	164161	10/01/2018
"KILMAGNER, UPPER BALLYMACOOL, LETTERKENNY"	Donegal	"235,000"	231175	10/01/2018
"KILROSS, CO. TIPPERARY"	Tipperary	"10,000"	9803	10/01/2018
"KILROSS, CO. TIPPERARY"	Tipperary	"10,000"	9602	10/01/2018
"KILROSS, CO. TIPPERARY"	Tipperary	"10,000"	10174	10/01/2018
"KILROSS, CO. TIPPERARY"	Tipperary	"10,000"	10370	10/01/2018
"MARKET STREET, DROMAHAIR, CO. LEITRIM"	Leitrim	"57,500"	59188	10/01/2018
"MEADOWLANDS, RATHANKER, PASSAGE WEST"	Cork	"595,000"	571464	10/01/2018
"MORERAH, LECKAUN, VIA SLIGO"	Leitrim	"270,000"	283437	10/01/2018
"NEWHAGGARD, TRIM, CO MEATH"	Meath	"267,000"	263677	10/01/2018
"NO. 1 CURRAGHLEAS, MOUNTAIN TOP, LETTERKENNY"	Donegal	"135,000"	140412	10/01/2018
"PORTLEAN, KILMACRENAN, DONEGAL"	Donegal	"184,000"	192769	10/01/2018
"ROSSALL, BALLYWILLIAM, TAY RD"	Cork	"295,000"	282665	10/01/2018
"SARINA, 429 GRIFFITH AVE, GLASNEVIN DUBLIN 9"	Dublin	"785,000"	754968	10/01/2018
"ST MARYS, BALLYGILLAN BIG, ROSSLARE HARBOUR"	Wexford	"70,000"	67409	10/01/2018
"TEMPLEHOUSE, BALLYMOTE, SLIGO"	Sligo	"37,000"	38731	10/01/2018
"TEMPLEMORE RD, CLOUGHJORDAN, TIPPERARY"	Tipperary	"67,000"	69811	10/01/2018
"TEMPLEMORE RD, CLOUGHJORDAN, TIPPERARY"	Tipperary	"10,000"	9792	10/01/2018
"TRACARTA, CASTLEHAVEN, SKIBBEREEN"	Cork	"550,000"	544481	10/01/2018
"TUBRIDE, OLDCASTLE, MEATH"	Meath	"55,000"	54362	10/01/2018
"Unit 27 Parkside Boulevard, Parkside, Malahide Road"	Dublin	"350,200"	356103	10/01/2018
"WOODSDOWN RIVERS, ANNACOTTY, CASTLETROY"	Limerick	"290,000"	279120	10/01/2018
"1 ANNALEE DR, BALLYHAISE, CAVAN"	Cavan	"75,000"	71314	11/01/2018
"1 CHURCHLANE, BALLINALOCK, CORK"	Cork	"235,000"	244130	11/01/2018
"1 GLENSIDE, BARRACK ST, CAPPOQUIN"	Waterford	"350,000"	339476	11/01/2018
"10 Daffodil Way, Forest Hill, Carrigaline"	Cork	"264,317"	267550.17	11/01/2018
"10 Dromroe, Castlebaldwin, County Sligo"	Sligo	"118,000"	113361	11/01/2018
"10 KILNINGCARRIG MANOR, BURNABY, GREYSTONES"	Wicklow	"960,000"	990502	11/01/2018
"100 Fairway Heights, Tralee"	Kerry	"48,458"	47226	11/01/2018
"101 Fairway Heights, Tralee"	Kerry	"48,458"	47821	11/01/2018
"102  The Woods, Glounthaune, Co Cork."	Cork	"308,370"	301285	11/01/2018
"102 THE DRUMLINS, VIRGINIA, CAVAN"	Cavan	"205,000"	213352	11/01/2018
"103 BOTHAR CHLANN RAGHNAILL, DOMHNACH CEARNA, BAC 5 DUBLIN 5"	Dublin	"373,000"	356712	11/01/2018
"104 Fairway Heights, Tralee"	Kerry	"48,458"	48949	11/01/2018
"107 FAIRWAY HEIGHTS, TRALEE, KERRY"	Kerry	"48,458"	48241	11/01/2018
"107 STONEPARK ABBEY, RATHFARNHAM, DUBLIN 14"	Dublin	"550,000"	535638	11/01/2018
"108 FAIRWAY HEIGHTS, TRALEE, KERRY"	Kerry	"48,458"	48845	11/01/2018
"11 GLASSLYN, BANDON, CORK"	Cork	"180,000"	176232	11/01/2018
"11 MICHAEL STREET, WEXFORD, CO WEXFORD"	Wexford	"60,000"	61242	11/01/2018
"11 THE ORCHARD, MILLERSBROOK, BORRISOKANE RD"	Tipperary	"147,500"	146933	11/01/2018
"110 FAIRWAY HEIGHTS, TRALEE, KERRY"	Kerry	"48,458"	46831	11/01/2018
"111 Fairway Heights, Tralee"	Kerry	"48,458"	48696	11/01/2018
"116 FAIRWAY HEIGHTS, TRALEE, CO KERRY"	Kerry	"48,458"	50858	11/01/2018
"117 FAIRWAY HEIGHTS, TRALEE, KERRY"	Kerry	"48,458"	47561	11/01/2018
"117 RINUCCINI COURT, DUBLIN ROAD, PORTLAOISE"	Laois	"75,000"	71811	11/01/2018
"118 FAIRWAY HEIGHTS, TRALEE, KERRY"	Kerry	"48,458"	46508	11/01/2018
"119 FAIRWAY HEIGHTS, TRALEE, KERRY"	Kerry	"48,458"	50503	11/01/2018
"12 BROOK LODGE HOUSE, OAKVIEW VILLAGE, TRALEE"	Kerry	"85,000"	82279	11/01/2018
"12 Seagull Park, Clogherhead"	Louth	"70,000"	66723	11/01/2018
"126 SHELMARTIN AVE, MARINO, DUBLIN 3"	Dublin	"420,000"	406304	11/01/2018
"14 85 MAIN ST, YOUGHAL, CORK"	Cork	"17,067"	16884	11/01/2018
"14 ABBEY CT, KILLALA RD, BALLINA"	Mayo	"72,000"	69928	11/01/2018
"14 FERRYVIEW PARK, RINGASKIDDY, CORK"	Cork	"186,000"	195087	11/01/2018
"14 GRACEFIELD AVE, ARTANE, DUBLIN 5"	Dublin	"475,000"	496735	11/01/2018
"14 THE CRESCENT, FAIRFIELD PARK, OLD TRAMORE ROAD"	Waterford	"135,886"	132572	11/01/2018
"14B ARBUTUS AVENUE, PARNELL ROAD, DUBLIN 12"	Dublin	"295,000"	306643	11/01/2018
"15 ROCKFORD PARK, BLACKROCK, DUBLIN"	Dublin	"457,000"	449653	11/01/2018
"16 Oak Hill, Gorey"	Wexford	"233,480"	244887.17	11/01/2018
"17 MARINERS VIEW, CASTLETOWNBERE, CORK"	Cork	"120,000"	123054	11/01/2018
"17 RUSSELL AVE, EAST WALL, DUBLIN 3"	Dublin	"240,000"	251098	11/01/2018
"17 ST PATRICKS TCE, SWELLAN, CAVAN"	Cavan	"52,000"	50122	11/01/2018
"17 WAFRE LODGE, DUBLIN ROAD, ASHBOURNE"	Meath	"387,665"	399593.19	11/01/2018
"18 THE BEECHES, MONKSTOWN VALLEY, MONKSTOWN"	Dublin	"495,000"	493620	11/01/2018
"19 CLONCOOL PARK, BUNCRANA, INISHOWEN"	Donegal	"71,618"	73761	11/01/2018
"19 FARRANLEA GROVE, MODEL FARM RD, CORK"	Cork	"337,000"	350428	11/01/2018
"2 STRAND LINE, KILKEE, CLARE"	Clare	"275,000"	287077	11/01/2018
"2 TEMPLEVIEW WALK, CLAREHALL, MALAHIDE RD DUBLIN 13"	Dublin	"330,000"	341463	11/01/2018
"20 Ard Lugalisheen, Ballindine"	Mayo	"92,511"	89419.01	11/01/2018
"20 AUBURN AVE, DONNYBROOK, DUBLIN 4"	Dublin	"880,000"	856340	11/01/2018
"20 THE GREEN, WOODSIDE, BETTYSTOWN"	Meath	"187,500"	194784	11/01/2018
"21 AN CUAN, BALLINAMORE, CO LEITRIM"	Leitrim	"46,000"	46638	11/01/2018
"21 CHURCH VIEW, EDEN GATE, PRIORY RD"	Wicklow	"745,000"	748428	11/01/2018
"21 THE GREEN TREDAGH VIEW, MARLEYS LANE, DROGHEDA"	Louth	"66,000"	66796	11/01/2018
"23 ROSEDALE CLOSE, NAVAN RD, DUBLIN 15"	Dublin	"200,000"	203871	11/01/2018
"24 FORGEHILL GREEN, STAMULLEN, MEATH"	Meath	"40,000"	38923	11/01/2018
"27 GERALDINE HOUSE, LYREEN MANOR, MAYNOOTH"	Kildare	"243,000"	241609	11/01/2018
"28 WEST MEADOWS, SYNONE, BOHERLAHAN"	Tipperary	"177,000"	177626	11/01/2018
"3 CANAL SIDE, ATHY, KILDARE"	Kildare	"43,000"	44086	11/01/2018
"3 CATHERINE'S COURT, FRIARSHILL, WICKLOW"	Wicklow	"210,000"	210234	11/01/2018
"3 FORBES LANE, DUBLIN 8, DUBLIN"	Dublin	"260,000"	252602	11/01/2018
"30 THE LAURELS, DUNDALK, CO LOUTH"	Louth	"94,000"	91518	11/01/2018
"30 THE SQUARE, ANNACOTTY, LIMERICK"	Limerick	"165,000"	169169	11/01/2018
"32 SHREWSBURY, SHRESBURY PARK, DUBLIN 4"	Dublin	"850,000"	837028	11/01/2018
"326 REDFORD PARK, GREYSTONES, WICKLOW"	Wicklow	"400,000"	385786	11/01/2018
"35 Thorndale, Delgany, County Wicklow"	Wicklow	"236,500"	247754	11/01/2018
"36 Thorndale, Delgany, County Wicklow"	Wicklow	"236,500"	226038	11/01/2018
"39 Thorndale, Delgany, County Wicklow"	Wicklow	"236,500"	237908	11/01/2018
"3A DERRYNANE GARDENS, SANDYMOUNT, DUBLIN 4"	Dublin	"665,000"	677589	11/01/2018
"4 ARD EVAN RISE, MONASTEREVIN, KILDARE"	Kildare	"156,283"	152904	11/01/2018
"4 MAIN ST, BALLYMACODA, CORK"	Cork	"150,000"	156460	11/01/2018
"4 MAYFIELD, TWENTIES LANE, DROGHEDA"	Louth	"217,500"	213892	11/01/2018
"4 MULLACH ALAINN, OMEATH, CO LOUTH"	Meath	"108,000"	111485	11/01/2018
"4 Waverly Close, Blacklion, Greystones"	Wicklow	"367,841"	373602	11/01/2018
"40 Thorndale, Delgany, County Wicklow"	Wicklow	"236,500"	230253	11/01/2018
"43 CAMDEN LOCK, GRAND CANAL QUAY, RINGSEND DUBLIN 4"	Dublin	"497,000"	480057	11/01/2018
"44 CONVENT VIEW, BALLINA, CO MAYO"	Mayo	"55,000"	54219	11/01/2018
"47 FARNEYHOOGAN, ATHLONE RD, LONGFORD"	Longford	"90,000"	91491	11/01/2018
"47 MOUNTCARMEL, NEWROSS, WEXFORD"	Wexford	"110,000"	115049	11/01/2018
"5 QUAYSIDE NORTH COURT, WINE ST, SLIGO"	Sligo	"67,000"	68158	11/01/2018
"5 THE FERNS, SCOTSTOWN, MONAGHAN"	Monaghan	"160,000"	152338	11/01/2018
"52 ASHTHORN AVENUE, GORNAMONA, HEADFORD"	Galway	"215,385"	214566	11/01/2018
"6 DANIEL OHALLORAN PLACE, COBH, CORK"	Cork	"165,000"	163361	11/01/2018
"6 KING EDWARD RD, BRAY, WICKLOW"	Wicklow	"620,000"	608424	11/01/2018
"6 RATHBORNE PLACE, ASHTOWN, DUBLIN 15"	Dublin	"330,000"	327776	11/01/2018
"6 RIVERCREST, DUBLIN ROAD, TUAM"	Galway	"71,500"	72067	11/01/2018
"60 FAIRWAY HEIGHTS, TRALEE"	Kerry	"48,458"	47399	11/01/2018
"63 ST ALBANS PARK, SANDYMOUNT, DUBLIN 4"	Dublin	"725,250"	744802	11/01/2018
"64 Fairway Heights, Tralee"	Kerry	"48,458"	50640	11/01/2018
"64 ST CONLETHS RD, WALKINSTOWN DUBLIN 12, DUBLIN"	Dublin	"336,000"	347525	11/01/2018
"64A THOMOND VILLAGE, LIMERICK, CO LIMERICK"	Limerick	"42,000"	39956	11/01/2018
"65 DUNSINK DR, FINGLAS, DUBLIN 11"	Dublin	"195,000"	197182	11/01/2018
"7 PRIORY COURT EDEN GATE, DELGANY, WICKLOW"	Wicklow	"262,500"	257218	11/01/2018
"72A THOMOND VILLAGE, LIMERICK, CO LIMERICK"	Limerick	"42,000"	41926	11/01/2018
"74 KILBARRON AVENUE, COOLOCK, DUBLIN 5"	Dublin	"250,000"	239945	11/01/2018
"76 CEDAR PARK, LEIXLIP, KILDARE"	Kildare	"250,000"	239154	11/01/2018
"79 CLUAIN ALAINN, DONAGHMOYNE RD, CARRICKMACROSS"	Monaghan	"185,000"	192582	11/01/2018
"8 Grace Park Grove, Grace Park Wood, Grace Park Road"	Dublin	"423,000"	428132	11/01/2018
"8 Waverly Close, Blacklion, Greystones"	Wicklow	"365,639"	373785	11/01/2018
"80 FAIRWAY HEIGHTS, TRALEE"	Kerry	"48,458"	46134	11/01/2018
"83 FAIRWAY HEIGHTS, TRALEE"	Kerry	"48,458"	47556	11/01/2018
"84 FAIRWAY HEIGHTS, TRALEE"	Kerry	"48,458"	48128	11/01/2018
"85 MANOR VILLAGE, WESTPORT RD, CASTLEBAR"	Mayo	"120,000"	124802	11/01/2018
"86 FAIRWAY HEIGHTS, TRALEE"	Kerry	"48,458"	46244	11/01/2018
"89 FAIRLAWN RD, FINGLAS SOUTH, DUBLIN 11"	Dublin	"175,000"	167161	11/01/2018
"9 PARKSIDE COURT, PARKSIDE, MALAHIDE ROAD"	Dublin	"339,207"	331053.04	11/01/2018
"9 THE ANCHORAGE, RATHMULLEN ROAD, DROGHEDA"	Louth	"265,000"	257697	11/01/2018
"9 THE FAIRWAYS, MULGANNON, WEXFORD"	Wexford	"165,000"	159118	11/01/2018
"94 BARLEYFIELD, WICKLOW HILLS, NETOWNMOUNTKENNEDY"	Wicklow	"237,000"	236467	11/01/2018
"96 FAIRWAY HEIGHTS, TRALEE, KERRY"	Kerry	"48,458"	46074	11/01/2018
"97 Fairway Heights, Tralee"	Kerry	"48,458"	47769	11/01/2018
"98 FAIRWAY HEIGHTS, TRALEE, KERRY"	Kerry	"48,458"	47335	11/01/2018
"APARTMENT 2, 85 NORTHMAIN STREET, YOUGHAL"	Cork	"17,067"	16790.67	11/01/2018
"APT 1 CASTLE PLACE, DRUMBOE, COUNTY DONEGAL"	Donegal	"40,000"	38934	11/01/2018
"APT 10 PIER VILLAGE, FELS POINT, TRALEE"	Kerry	"99,000"	101757	11/01/2018
"APT 10, 85 NORTH MAIN ST, YOUGHAL"	Cork	"17,067"	16722	11/01/2018
"APT 11, 85 NORTH MAIN ST, YOUGHAL"	Cork	"17,067"	16434	11/01/2018
"APT 12, 85 NORTH MAIN STREET, YOUGHAL"	Cork	"17,067"	16418	11/01/2018
"APT 13, 85 NORTH MAIN STREET, YOUGHAL"	Cork	"17,067"	17645	11/01/2018
"APT 15, 85 NORTH MAIN ST, YOUGHAL"	Cork	"17,067"	17248	11/01/2018
"APT 1, 85 NORTH MAIN ST, YOUGHAL"	Cork	"17,067"	16344.67	11/01/2018
"APT 3, 85 NORTH MAIN ST, YOUGHAL"	Cork	"17,067"	16740.67	11/01/2018
"APT 4, 85 NORTH MAIN ST, YOUGHAL"	Cork	"17,067"	17287.67	11/01/2018
"APT 5, 85 NORTH MAIN ST, YOUGHAL"	Cork	"17,067"	16633.67	11/01/2018
"APT 6, 85 NORTH MAIN ST, YOUGHAL"	Cork	"17,067"	16931	11/01/2018
"APT 7, 85 NORTH MAIN ST, YOUGHAL"	Cork	"17,067"	16410	11/01/2018
"APT 8, 85 NORTH MAIN ST, YOUGHAL"	Cork	"17,067"	17225	11/01/2018
"APT 9, 85 NORTH MAIN STREET, YOUGHAL"	Cork	"17,067"	16646	11/01/2018
"ARDRINANE, CLASH WEST, TRALEE"	Kerry	"125,000"	125671	11/01/2018
"BALLAGH, ADAMSTOWN, WEXFORD"	Wexford	"126,750"	129488	11/01/2018
"BALLYBRIDE UPPER, CONNA, CORK"	Cork	"140,000"	133248	11/01/2018
"BALLYDAGUE, BALLYHOOLY, FERMOY"	Cork	"320,000"	307596	11/01/2018
"BROOKFIELD LODGE BALLINAMONA, THE BALLAGH, ENNISCORTHY"	Wexford	"240,000"	241292	11/01/2018
"CAHERNALEGA, BALLINAMULT, VIA CLONMEL"	Waterford	"125,000"	123239	11/01/2018
"CLOONMULLEN, LOUGHLYNN, CASTLEREA"	Roscommon	"73,000"	72740	11/01/2018
"CLOYDAGH, MILFORD, CARLOW"	Carlow	"190,000"	183442	11/01/2018
"COOLBUNIA, CHEEKPOINT, WATERFORD"	Waterford	"250,000"	252972	11/01/2018
"COOLTRIMEGISH, TULLYNAHINNERA, CASTLEBLAYNEY"	Monaghan	"170,000"	171821	11/01/2018
"CORLOUGHCAHILL, DRUMKEERAN, LEITRIM"	Leitrim	"58,000"	57527	11/01/2018
"DEANSCURRAGH, LONGFORD, LONGFORD"	Longford	"142,500"	148822	11/01/2018
"DUBLIN RD, MAYNOOTH, KILDARE"	Kildare	"435,000"	446773	11/01/2018
"FARMHILL, CLAREMORRIS, CO. MAYO"	Mayo	"20,000"	19373	11/01/2018
"IONA, MAIN STREET, GLENVILLE"	Cork	"111,000"	114709	11/01/2018
"KILLADERRY, DANGEAN, CO OFFALY"	Offaly	"60,000"	59131	11/01/2018
"KILNATOORA, YOUGHAL, CORK"	Cork	"257,500"	249576	11/01/2018
"KNOCKATAGGLEMORE, KILCUMMIN, KILLARNEY"	Kerry	"190,000"	186130	11/01/2018
"LOWERTOWN, SCHULL, CORK"	Cork	"367,000"	371073	11/01/2018
"MONASTERY, ENNISKERRY, WICKLOW"	Wicklow	"825,000"	813845	11/01/2018
"MOYLEROE BIG, DELVIN, WESTMEATH"	Westmeath	"210,000"	203433	11/01/2018
"PHEASANTHILL, CASTLEBAR, COUNTY MAYO"	Mayo	"150,000"	145951	11/01/2018
"QUAY HOUSE, DENNIS QUAY, KINSALE"	Cork	"670,000"	664884	11/01/2018
"RAFEEN HILL, MONKSTOWN, CORK"	Cork	"280,000"	278846	11/01/2018
"ROCKLANDS, THE BOWER, BALBRIGGAN"	Dublin	"650,000"	650743	11/01/2018
"ROCKVILLE LODGE, NEWTOWNPARK AVE, BLACKROCK"	Dublin	"745,000"	729834	11/01/2018
"SAN GORETTI, DUBLIN RD, DROGHEDA"	Louth	"890,000"	850052	11/01/2018
"SILVERBERRY, GORTGARRALT, FEDAMORE"	Limerick	"180,000"	185682	11/01/2018
"ST MARTINS, KILLESK CAMPILE, NEW ROSS"	Wexford	"158,000"	153139	11/01/2018
"STATION RD, OUGHTERARD, GALWAY"	Galway	"248,000"	252352	11/01/2018
"STONE HOUSE, CROWE ST, GORT"	Galway	"315,000"	317860	11/01/2018
"SUNVILLE HOUSE, SUNVILLE, PALLASGREEN"	Limerick	"450,000"	435179	11/01/2018
"THE BUNGALOW, SHELBOURNE RD, LIMERICK"	Limerick	"200,000"	192634	11/01/2018
"THE GABLES, COOLAWINNA, ASHFORD"	Wicklow	"695,000"	690175	11/01/2018
"THE SQUARE, DROMCOLLOGHER, CO LIMERICK"	Limerick	"40,000"	40982	11/01/2018
"WILLIAMSTOWN FARMHOUSE, WILLIAMSTOWN, CASTLEBELLINGHAM"	Louth	"500,000"	484628	11/01/2018
"1 BARRYS PLACE, SEMINARY RD, BLACKPOOL"	Cork	"86,000"	88860	12/01/2018
"1 LANESBOROUGH SQAUARE, ST MARGARETS RD, DUBLIN 11"	Dublin	"188,000"	192444	12/01/2018
"1 LAUREL AVE, LOUGHBOY, KILKENNY"	Kilkenny	"200,000"	196697	12/01/2018
"1 Parkside Heath, Parkside, Malahide Road"	Dublin	"317,180"	326350	12/01/2018
"1 ROSAPENNA COTTAGES, DOWNINGS, DONEGAL"	Donegal	"105,000"	106928	12/01/2018
"10 CLOONTIES, BALLYFERRITER, CO. KERRY"	Kerry	"160,000"	162027	12/01/2018
"10 HIGHLAND GROVE, THE PARK, CABINTEELY DUBLIN 18"	Dublin	"520,000"	520309	12/01/2018
"10 Morristown Green, The Paddocks, Station Road"	Kildare	"289,868"	284200	12/01/2018
"10 OAKLEY GROVE, GRAIGUECULLEN, CARLOW"	Laois	"148,000"	148524	12/01/2018
"104 Millers Court, Old Quarter, Ballincollig"	Cork	"392,061"	372915.57	12/01/2018
"105 Woodlawn, Allenwood, Naas"	Kildare	"193,833"	185813.6	12/01/2018
"109 THE STRAND, OCALLAGHAN STRAND, LIMERICK"	Limerick	"210,000"	210670	12/01/2018
"11 GLEANN NA LOCHA, CARRICK ON SUIR, TIPPERARY"	Tipperary	"114,538"	117329	12/01/2018
"118 SOUTH CIRCULAR RD, DUBLIN 8, DUBLIN"	Dublin	"330,000"	329520	12/01/2018
"12 BALLYSHANNON MANOR, DERRINTUAN, KILDARE"	Kildare	"176,000"	181463	12/01/2018
"12 DEERPARK LAWN, CASTLEKNOCK, DUBLIN 15"	Dublin	"1,425,000"	1494737	12/01/2018
"12 Larkfield Glade, Clay Farm, Leopardstown"	Dublin	"427,313"	433811	12/01/2018
"12 MEADOWS SMITHBORO, MONAGHAN"	Monaghan	"150,000"	149722	12/01/2018
"12 MUING EST, OAKPARK, TRALEE"	Kerry	"60,000"	58311	12/01/2018
"12 PAIRC NA GCON, BALLYGAR ROAD, MOUNTBELLEW"	Galway	"187,500"	186272	12/01/2018
"12 SADDLERS GLADE, MULHUDDART, DUBLIN"	Dublin	"260,000"	247115	12/01/2018
"12 TALLON HEIGHTS, CASTLETOWNBERE, CORK"	Cork	"105,000"	108929	12/01/2018
"12 THOMAS DAVIS ST WEST, INCHICORE, DUBLIN 8"	Dublin	"245,000"	256896	12/01/2018
"120 COLLEGE ST, CAVAN, CAVAN"	Cavan	"107,000"	111894	12/01/2018
"120 DUN NA CARRAIGE, SALTHILL, GALWAY"	Galway	"425,000"	405304	12/01/2018
"121 CLUAIN RIOCAIRD, HEADFORD RD, GALWAY"	Galway	"100,000"	100196	12/01/2018
"123 SHANOWEN, RATHCORMAC, CORK"	Cork	"172,000"	167440	12/01/2018
"13 CLOONTIES, BALLYFERRITER, CO KERRY"	Kerry	"160,000"	156705	12/01/2018
"13 OTTERBROOK, RATHFARNHAM, DUBLIN 14"	Dublin	"390,000"	393040	12/01/2018
"13 The Elms, Old Grange Wood, Monasterevin"	Kildare	"229,405"	224312.28	12/01/2018
"14 Ashfield Grove, Ridgewood, Swords"	Dublin	"317,100"	316668	12/01/2018
"14 GLENOAKS DR, CLONMEL, TIPPERARY"	Tipperary	"134,000"	136435	12/01/2018
"14 KENNELSFORT RD UPPER, PALMERSTOWN, DUBLIN 20"	Dublin	"322,000"	312888	12/01/2018
"14 PARK GATE, GRANGE RATH, DUBLIN ROAD"	Louth	"240,000"	248092	12/01/2018
"146 FOREST HILLS, RATHCOOLE, DUBLIN"	Dublin	"280,000"	273667	12/01/2018
"147 COLLINS AVE EAST, KILLESTER, DUBLIN 5"	Dublin	"290,000"	284951	12/01/2018
"148 KILDARE RD, CRUMLIN, DUBLIN 12"	Dublin	"291,000"	286863	12/01/2018
"15 ST JOHNS TCE, NENAGH, TIPPERARY"	Tipperary	"57,000"	55126	12/01/2018
"15 STEAMBOAT QUAY, PHASE 1, DOCK ROAD"	Limerick	"70,000"	72524	12/01/2018
"16 FERNVILLE, CLERIHAN, CLONMEL"	Tipperary	"240,000"	237091	12/01/2018
"16 PATRICK ODONOGHUE PLACE, TOGHER, CORK"	Cork	"190,000"	183637	12/01/2018
"16 SEVENSPRINGS, TULLOW RD, CARLOW"	Carlow	"188,500"	190392	12/01/2018
"1638 PARIC MHUIRE, NEWBRIDGE, KILDARE"	Kildare	"211,000"	220079	12/01/2018
"168 BRYANSTOWN MANOR, DROGHEDA, LOUTH"	Louth	"182,000"	183982	12/01/2018
"171 DUN EOIN, BALLINREA RD, CARRIGALINE"	Cork	"280,000"	285581	12/01/2018
"18 ABBEYBROOK VIEW, KILBEGGAN, MULLINGAR"	Meath	"145,374"	141106.45	12/01/2018
"18 HOLLY PARK, CORBAWN LANE, SHANKILL"	Dublin	"500,000"	509139	12/01/2018
"19 GREEN CASTLE AVE, COOLOCK, DUBLIN 17"	Dublin	"235,000"	240018	12/01/2018
"19 MEADOWFIELD, SANDYFORD, DUBLIN 18"	Dublin	"128,783"	131458	12/01/2018
"19 MOUNT PROSPECT PARK, CLONTARF, DUBLIN 3"	Dublin	"142,813"	147970.5	12/01/2018
"2 ASHFIELD GREEN, BALBRIGGAN, DUBLIN"	Dublin	"242,500"	248422	12/01/2018
"2 BALLYNESS, FALCARRAGH, LETTERKENNY"	Donegal	"86,000"	86089	12/01/2018
"2 CAPEVIEW, ARDMANAGH, SCHULL"	Cork	"250,000"	258648	12/01/2018
"2 CLOONTIES, BALLYFERRITER, CO KERRY"	Kerry	"150,000"	142820	12/01/2018
"2 GREEN PARK, ORWELL RD, RATHGAR DUBLIN 14"	Dublin	"1,650,000"	1576330	12/01/2018
"2 MOUNTFIELD, TRAMORE"	Waterford	"190,088"	193155	12/01/2018
"2 THE GREEN, GREENVALLEY, DONNYBROOK"	Cork	"251,000"	246830	12/01/2018
"20 RIVER RD, RHEBOGUE, LIMERICK"	Limerick	"220,000"	209143	12/01/2018
"201 Caisleann na hAbhainn, Castletroy"	Limerick	"236,454"	227012	12/01/2018
"202 GALLOPING GREEN, STILLORGAN RD, CO DUBLIN"	Dublin	"355,000"	338631	12/01/2018
"205 THE WILLOWS, BALLINCOLLIG, CO CORK"	Cork	"235,000"	224560	12/01/2018
"21 HOLYWELL DENE, SWORDS, CO DUBLIN"	Dublin	"257,000"	245230	12/01/2018
"21 LYMEWOOD MEWS, SANTRY, DUBLIN 9"	Dublin	"250,000"	238691	12/01/2018
"21 MARY STREET, APPARTMENT, NEW ROSS"	Wexford	"40,000"	38712	12/01/2018
"211 CLOGHER ROAD, CRUMLIN, DUBLIN 12"	Dublin	"340,000"	344038	12/01/2018
"22 ARAS NA TRA, COIS CUAIN, SALTHILL"	Galway	"295,000"	283187	12/01/2018
"23 HILLVIEW EST, DUNSHAUGHLIN, MEATH"	Meath	"150,000"	155948	12/01/2018
"24 MOUNT DRUMMOND SQ, HAROLDS CROSS, DUBLIN 6"	Dublin	"490,000"	513691	12/01/2018
"25 ACADEMY COURT, ACADEMY ST, KILDARE"	Kildare	"165,000"	163910	12/01/2018
"25 The Crescent, Rosmor, Kilmallock Road"	Limerick	"168,238"	165640.88	12/01/2018
"26 BEWLEY ST, NEW ROSS, WEXFORD"	Wexford	"40,000"	41116	12/01/2018
"26 MERLYN RD, BALLSBRIDGE, DUBLIN 4"	Dublin	"920,000"	921686	12/01/2018
"26 TRINITY COURT, GEORGES QUAY, CORK CITY"	Cork	"255,000"	246866	12/01/2018
"267 MALAHIDE MARINA VILLAGE, MALAHIDE, DUBLIN"	Dublin	"285,000"	294219	12/01/2018
"27 Ardmore Rise, Bettystown, County Meath"	Meath	"75,000"	73432	12/01/2018
"27 ASHDOWN, COURTBACK AVE, LIMERICK"	Limerick	"160,000"	166148	12/01/2018
"27 NEWTOWN LAWNS, MULLINGAR, WESTMEATH"	Westmeath	"145,000"	139277	12/01/2018
"27C LANDSDOWNE VALLEY, SLIEVEBLOOM RD, DRIMNAGH"	Dublin	"213,000"	218945	12/01/2018
"28 KILMACUD PARK, STILLORGAN, DUBLIN"	Dublin	"660,000"	671425	12/01/2018
"29 CLUAIN BEAG, NOBBER, MEATH"	Meath	"125,000"	121803	12/01/2018
"29 HILL CREST, MAYFIELD RD, CLAREMORRIS"	Mayo	"172,500"	174909	12/01/2018
"29 RAILWAY ST, NAVAN, CO MEATH"	Meath	"100,000"	103020	12/01/2018
"29 ROSAN GLAS, RAHOON RD, GALWAY"	Galway	"252,000"	241705	12/01/2018
"29 SHELTON PARK, KIMMAGE RD WEST, DUBLIN 12"	Dublin	"535,000"	525016	12/01/2018
"29 The Gallops, Kinnegad Road, Trim"	Meath	"237,885"	238311	12/01/2018
"3 HARCOURT LODGE, INCHICORE, DUBLIN 8"	Dublin	"294,000"	305693	12/01/2018
"3 PODDLE GREEN, PODDLE PARK RD, KIMMAGE DUBLIN 12"	Dublin	"330,000"	316859	12/01/2018
"3 THE COURTYARD LIFFEY VIEW APTS, MAIN ST, LEIXLIP"	Kildare	"162,500"	167891	12/01/2018
"3 THE GROVE, WOODPARK, BALLINTEER DUBLIN 16"	Dublin	"450,000"	465427	12/01/2018
"3 Wafre Lodge, Dublin Road, Ashbourne"	Meath	"387,666"	382328	12/01/2018
"30 ARANLEIGH MOUNT, RATHFARNHAM, DUBLIN 16"	Dublin	"615,000"	615981	12/01/2018
"30 WAINSFORT MANOR CRESCENT, WAINSFORT MANOR, TERENURE DUBLIN 6W"	Dublin	"550,000"	531869	12/01/2018
"328 GRACE PARK MANOR, DRUMCONDRA, DUBLIN 9"	Dublin	"300,000"	313633	12/01/2018
"33 ST PATRICK'S AVENUE, TIPPERARY"	Tipperary	"30,000"	28579	12/01/2018
"34 ST JOSEPH'S PARK, TUAM, CO GALWAY"	Galway	"110,000"	112010	12/01/2018
"35 ANNABELLA PARK, KENNELL HILL, MALLOW"	Cork	"190,000"	197051	12/01/2018
"37 COLLEGE VALE, MULLINGAR, CO WESTMEATH"	Westmeath	"206,000"	197934	12/01/2018
"37 TRALEE MARINA, TRALEE, KERRY"	Kerry	"110,000"	107639	12/01/2018
"38 CLONMULLION, ATHY, COUNTY KILDARE"	Kildare	"33,333"	31973	12/01/2018
"38 OAKDALE CLOSE, BALLYCULLEN, DUBLIN 24"	Dublin	"140,000"	138139	12/01/2018
"39 CHANDLERS WALK, RUSHBROOKE LINKS, COBH"	Cork	"167,500"	172977	12/01/2018
"39d McKelvey Avenue, Finglas, Dublin 11"	Dublin	"264,317"	275090	12/01/2018
"4 ASHLEIGH COURT, CASTLEKNOCK, DUBLIN 15"	Dublin	"266,000"	262592	12/01/2018
"4 CLARA MEADOWS, DUNFANAGHY, DONEGAL"	Donegal	"120,000"	117326	12/01/2018
"4 Larkfield Glade, Clay Farm, Leopardstown"	Dublin	"427,313"	437431.8	12/01/2018
"4 MARTELLO TERRACE, STRAND RD, SUTTON DUBLIN 13"	Dublin	"100,000"	95154	12/01/2018
"4 Monalin, Wicklow Hills, Newtownmountkennedy"	Wicklow	"242,290"	250772	12/01/2018
"4 The Green, Mount Hamilton, Carrickmacross Road"	Louth	"211,454"	221069	12/01/2018
"40 The Way, The Paddocks, Hansfield"	Dublin	"259,912"	266592.9	12/01/2018
"42 FOXHILL AVE, AYRFIELD, BALDOYLE"	Dublin	"340,000"	327460	12/01/2018
"43 WALNUT LAWN, DRUMCONDRA, DUBLIN 9"	Dublin	"625,000"	616720	12/01/2018
"44 BEECH PARK DR, FOXROCK, DUBLIN 18"	Dublin	"792,500"	794719	12/01/2018
"44 MYRTLE HOUSE, LONGFIELD RD, THE COAST DUBLIN 13"	Dublin	"250,000"	258036	12/01/2018
"45 THE MALTINGS, BONHAM ST, DUBLIN"	Dublin	"187,000"	182064	12/01/2018
"46 HYBRAZIL, SOUTH CIRCULAR, KILMAINHAM DUBLIN 9"	Dublin	"190,000"	185311	12/01/2018
"47 BRUACH NA HABHANN, KILLARNEY, KERRY"	Kerry	"225,000"	234236	12/01/2018
"47 KINCORA GROVE, CLONTARF, DUBLIN 3"	Dublin	"705,000"	672124	12/01/2018
"49 LANDEN PARK, OLDTOWN DEMESNE, NAAS"	Kildare	"393,000"	400350	12/01/2018
"5 CEOL NA MARA, RUSH, DUBLIN"	Dublin	"218,000"	212653	12/01/2018
"5 MONASTERY GATE AVE, MONASTERY RD, CLONDALKIN DUBLIN 22"	Dublin	"257,000"	262302	12/01/2018
"5 ROCHFORD WALK, BAKERS WALK, KILCOCK"	Kildare	"240,000"	229451	12/01/2018
"53 Orwell Gate, Block A, Marianella"	Dublin	"493,392"	509570.07	12/01/2018
"53 WYNBERG PARK, BLACKROCK, DUBLIN"	Dublin	"660,000"	633834	12/01/2018
"55 BRIDGEWATER QUAY, ISLANDBRIDGE, CONNINGHAM RD"	Dublin	"410,000"	419204	12/01/2018
"55 THE MAPLES, LISMONAGHAN, LETTERKENNY"	Donegal	"160,000"	165121	12/01/2018